,PseudoTime1,PseudoTime2,PseudoTime3,PseudoTime4,PseudoTime5
E45_391,NA,0.78947,NA,NA,NA
E970_290,0.58502,NA,NA,NA,NA
E818_101,NA,0.20243,NA,NA,NA
E65_421,NA,NA,0.8502,NA,NA
E650_371,0.74899,NA,NA,NA,NA
E646_389,NA,0.78543,NA,NA,NA
E69_389,NA,NA,NA,NA,0.78543
E992_429,NA,0.8664,NA,NA,NA
E581_104,0.2085,NA,NA,NA,NA
E364_470,NA,NA,0.94939,NA,NA
E184_448,0.90486,NA,NA,NA,NA
E50_42,NA,NA,0.083,NA,NA
E180_6,0.01012,NA,NA,NA,NA
E68_298,NA,NA,0.60121,NA,NA
E980_424,0.85628,NA,NA,NA,NA
E797_139,NA,NA,0.27935,NA,NA
E212_424,NA,NA,0.85628,NA,NA
E44_123,NA,0.24696,NA,NA,NA
E745_373,NA,NA,0.75304,NA,NA
E425_62,NA,0.12348,NA,NA,NA
E806_238,NA,0.47976,NA,NA,NA
E197_32,NA,NA,0.06275,NA,NA
E474_199,0.40081,NA,NA,NA,NA
E527_319,0.64372,NA,NA,NA,NA
E841_21,NA,0.04049,NA,NA,NA
E967_73,0.14575,NA,NA,NA,NA
E835_348,NA,NA,0.70243,NA,NA
E40_331,NA,0.66802,NA,NA,NA
E205_193,0.38866,NA,NA,NA,NA
E57_290,NA,NA,0.58502,NA,NA
E274_341,NA,0.68826,NA,NA,NA
E355_152,0.30567,NA,NA,NA,NA
E675_43,NA,NA,0.08502,NA,NA
E464_189,NA,NA,0.38057,NA,NA
E715_204,NA,NA,NA,0.41093,NA
E921_143,NA,NA,0.28745,NA,NA
E275_370,NA,0.74696,NA,NA,NA
E828_476,NA,0.96154,NA,NA,NA
E118_132,NA,NA,0.26518,NA,NA
E836_92,0.18421,NA,NA,NA,NA
E466_347,NA,NA,0.7004,NA,NA
E810_184,NA,0.37045,NA,NA,NA
E412_450,NA,NA,0.90891,NA,NA
E608_329,NA,NA,0.66397,NA,NA
E307_273,NA,NA,0.55061,NA,NA
E684_370,NA,NA,0.74696,NA,NA
E456_366,0.73887,NA,NA,NA,NA
E165_41,NA,0.08097,NA,NA,NA
E984_377,NA,NA,NA,NA,0.76113
E614_358,0.72267,NA,NA,NA,NA
E105_426,NA,NA,0.86032,NA,NA
E486_180,0.36235,NA,NA,NA,NA
E840_350,NA,NA,0.70648,NA,NA
E879_8,NA,0.01417,NA,NA,NA
E756_416,NA,NA,0.84008,NA,NA
E945_315,NA,0.63563,NA,NA,NA
E266_296,0.59717,NA,NA,NA,NA
E7_218,NA,NA,0.43927,NA,NA
E311_112,0.2247,NA,NA,NA,NA
E953_198,0.39879,NA,NA,NA,NA
E15_277,0.5587,NA,NA,NA,NA
E528_156,0.31377,NA,NA,NA,NA
E393_461,NA,0.93117,NA,NA,NA
E378_110,0.22065,NA,NA,NA,NA
E628_103,NA,NA,0.20648,NA,NA
E708_454,0.917,NA,NA,NA,NA
E902_168,NA,NA,NA,0.33806,NA
E348_346,NA,NA,0.69838,NA,NA
E141_102,NA,NA,0.20445,NA,NA
E329_447,NA,0.90283,NA,NA,NA
E446_326,0.65789,NA,NA,NA,NA
E21_367,NA,0.74089,NA,NA,NA
E76_156,0.31377,NA,NA,NA,NA
E452_422,0.85223,NA,NA,NA,NA
E361_364,NA,NA,0.73482,NA,NA
E43_446,NA,NA,0.90081,NA,NA
E227_281,0.5668,NA,NA,NA,NA
E164_388,NA,NA,NA,NA,0.7834
E749_351,NA,NA,0.7085,NA,NA
E334_78,NA,NA,0.15587,NA,NA
E154_184,NA,NA,0.37045,NA,NA
E255_100,NA,NA,0.2004,NA,NA
E353_403,NA,0.81377,NA,NA,NA
E816_13,0.02429,NA,NA,NA,NA
E565_278,0.56073,NA,NA,NA,NA
E972_364,NA,NA,NA,NA,0.73482
E946_74,NA,NA,0.14777,NA,NA
E892_326,NA,NA,NA,NA,0.65789
E183_91,NA,NA,0.18219,NA,NA
E814_334,0.67409,NA,NA,NA,NA
E977_199,NA,NA,0.40081,NA,NA
E808_404,NA,0.81579,NA,NA,NA
E896_235,0.47368,NA,NA,NA,NA
E406_55,NA,NA,0.10931,NA,NA
E233_15,NA,NA,0.02834,NA,NA
E662_52,0.10324,NA,NA,NA,NA
E463_443,NA,NA,0.89474,NA,NA
E668_272,NA,0.54858,NA,NA,NA
E728_472,NA,NA,0.95344,NA,NA
E39_476,NA,NA,0.96154,NA,NA
E426_401,NA,NA,0.80972,NA,NA
E487_167,0.33603,NA,NA,NA,NA
E225_401,0.80972,NA,NA,NA,NA
E326_14,NA,0.02632,NA,NA,NA
E775_281,NA,NA,0.5668,NA,NA
E859_136,NA,0.27328,NA,NA,NA
E229_28,0.05466,NA,NA,NA,NA
E622_461,NA,0.93117,NA,NA,NA
E548_401,NA,NA,NA,0.80972,NA
E6_210,0.42308,NA,NA,NA,NA
E799_200,NA,0.40283,NA,NA,NA
E128_105,NA,0.21053,NA,NA,NA
E304_405,NA,NA,NA,0.81781,NA
E204_337,NA,0.68016,NA,NA,NA
E49_182,NA,NA,0.3664,NA,NA
E704_198,NA,0.39879,NA,NA,NA
E560_393,0.79352,NA,NA,NA,NA
E31_334,0.67409,NA,NA,NA,NA
E960_180,NA,NA,0.36235,NA,NA
E240_390,NA,NA,0.78745,NA,NA
E386_206,NA,0.41498,NA,NA,NA
E151_225,NA,0.45344,NA,NA,NA
E216_91,0.18219,NA,NA,NA,NA
E295_248,NA,NA,0.5,NA,NA
E762_173,NA,0.34818,NA,NA,NA
E616_445,NA,0.89879,NA,NA,NA
E947_353,NA,0.71255,NA,NA,NA
E801_255,NA,0.51417,NA,NA,NA
E130_85,0.17004,NA,NA,NA,NA
E669_318,NA,0.6417,NA,NA,NA
E996_52,0.10324,NA,NA,NA,NA
E716_366,NA,0.73887,NA,NA,NA
E815_250,NA,NA,0.50405,NA,NA
E546_126,NA,0.25304,NA,NA,NA
E975_345,NA,NA,0.69636,NA,NA
E912_411,NA,0.82996,NA,NA,NA
E276_92,0.18421,NA,NA,NA,NA
E767_253,NA,NA,0.51012,NA,NA
E61_392,NA,NA,0.7915,NA,NA
E971_21,NA,0.04049,NA,NA,NA
E891_337,NA,0.68016,NA,NA,NA
E877_107,NA,NA,0.21457,NA,NA
E643_156,NA,NA,NA,0.31377,NA
E443_357,0.72065,NA,NA,NA,NA
E245_106,NA,NA,NA,NA,0.21255
E224_441,NA,NA,0.89069,NA,NA
E359_145,NA,0.2915,NA,NA,NA
E478_226,NA,NA,0.45547,NA,NA
E534_43,0.08502,NA,NA,NA,NA
E821_36,NA,NA,0.07085,NA,NA
E462_245,NA,NA,0.49393,NA,NA
E113_421,0.8502,NA,NA,NA,NA
E766_142,0.28543,NA,NA,NA,NA
E424_86,NA,NA,0.17206,NA,NA
E17_233,NA,NA,0.46964,NA,NA
E176_181,0.36437,NA,NA,NA,NA
E368_179,NA,0.36032,NA,NA,NA
E352_305,0.61538,NA,NA,NA,NA
E431_74,0.14777,NA,NA,NA,NA
E133_46,0.09109,NA,NA,NA,NA
E18_20,NA,0.03846,NA,NA,NA
E619_482,NA,NA,0.97368,NA,NA
E67_277,NA,0.5587,NA,NA,NA
E278_342,NA,NA,0.69028,NA,NA
E843_306,NA,NA,NA,0.61741,NA
E218_182,NA,0.3664,NA,NA,NA
E587_286,NA,0.57692,NA,NA,NA
E755_370,NA,0.74696,NA,NA,NA
E281_430,NA,0.86842,NA,NA,NA
E881_118,NA,0.23684,NA,NA,NA
E94_148,0.29757,NA,NA,NA,NA
E283_142,NA,NA,0.28543,NA,NA
E904_71,NA,0.1417,NA,NA,NA
E280_20,0.03846,NA,NA,NA,NA
E121_213,NA,NA,0.42915,NA,NA
E428_323,0.65182,NA,NA,NA,NA
E189_248,NA,NA,0.5,NA,NA
E54_445,0.89879,NA,NA,NA,NA
E367_318,NA,NA,0.6417,NA,NA
E16_187,NA,0.37652,NA,NA,NA
E526_415,NA,NA,0.83806,NA,NA
E573_1,NA,NA,0.0,NA,NA
E932_149,0.2996,NA,NA,NA,NA
E780_392,NA,0.7915,NA,NA,NA
E483_372,NA,0.75101,NA,NA,NA
E949_65,NA,0.12955,NA,NA,NA
E695_313,NA,NA,0.63158,NA,NA
E196_493,0.99595,NA,NA,NA,NA
E20_111,0.22267,NA,NA,NA,NA
E171_335,0.67611,NA,NA,NA,NA
E450_370,0.74696,NA,NA,NA,NA
E376_206,0.41498,NA,NA,NA,NA
E795_103,NA,NA,0.20648,NA,NA
E491_4,NA,NA,0.00607,NA,NA
E236_396,0.7996,NA,NA,NA,NA
E924_53,NA,0.10526,NA,NA,NA
E963_371,NA,0.74899,NA,NA,NA
E800_196,0.39474,NA,NA,NA,NA
E187_475,NA,NA,NA,NA,0.95951
E951_435,0.87854,NA,NA,NA,NA
E805_355,NA,NA,NA,NA,0.7166
E584_236,NA,NA,0.47571,NA,NA
E934_88,0.17611,NA,NA,NA,NA
E679_364,NA,0.73482,NA,NA,NA
E380_272,0.54858,NA,NA,NA,NA
E609_447,0.90283,NA,NA,NA,NA
E796_390,NA,0.78745,NA,NA,NA
E670_343,NA,NA,0.69231,NA,NA
E254_389,NA,0.78543,NA,NA,NA
E664_67,NA,NA,NA,0.1336,NA
E693_112,0.2247,NA,NA,NA,NA
E96_194,NA,NA,0.39069,NA,NA
E211_46,NA,NA,0.09109,NA,NA
E497_337,NA,NA,0.68016,NA,NA
E769_198,NA,0.39879,NA,NA,NA
E163_247,NA,NA,0.49798,NA,NA
E512_493,NA,NA,0.99595,NA,NA
E465_79,NA,0.15789,NA,NA,NA
E269_120,NA,NA,0.24089,NA,NA
E981_381,NA,NA,0.76923,NA,NA
E621_96,0.19231,NA,NA,NA,NA
E29_286,NA,NA,0.57692,NA,NA
E516_441,0.89069,NA,NA,NA,NA
E273_484,NA,NA,0.97773,NA,NA
E845_260,0.52429,NA,NA,NA,NA
E416_73,NA,NA,0.14575,NA,NA
E696_474,NA,0.95749,NA,NA,NA
E713_228,NA,NA,NA,NA,0.45951
E489_366,0.73887,NA,NA,NA,NA
E604_114,NA,NA,0.22874,NA,NA
E264_55,NA,NA,0.10931,NA,NA
E952_250,0.50405,NA,NA,NA,NA
E241_195,NA,0.39271,NA,NA,NA
E893_420,0.84818,NA,NA,NA,NA
E9_276,0.55668,NA,NA,NA,NA
E152_75,NA,0.1498,NA,NA,NA
E558_53,NA,NA,NA,NA,0.10526
E792_127,NA,NA,NA,0.25506,NA
E137_111,NA,NA,NA,NA,0.22267
E943_415,0.83806,NA,NA,NA,NA
E226_6,0.01012,NA,NA,NA,NA
E324_17,NA,NA,NA,0.03239,NA
E644_30,NA,0.0587,NA,NA,NA
E777_169,NA,NA,0.34008,NA,NA
E559_248,NA,NA,0.5,NA,NA
E903_111,NA,0.22267,NA,NA,NA
E400_61,0.12146,NA,NA,NA,NA
E379_231,NA,NA,0.46559,NA,NA
E583_344,NA,NA,0.69433,NA,NA
E743_29,NA,NA,0.05668,NA,NA
E627_410,0.82794,NA,NA,NA,NA
E652_34,NA,NA,0.0668,NA,NA
E108_487,NA,NA,NA,NA,0.98381
E751_374,NA,NA,0.75506,NA,NA
E995_42,NA,0.083,NA,NA,NA
E439_56,NA,NA,0.11134,NA,NA
E666_2,0.00202,NA,NA,NA,NA
E844_323,NA,0.65182,NA,NA,NA
E149_495,NA,1.0,NA,NA,NA
E242_140,NA,NA,0.28138,NA,NA
E42_331,NA,0.66802,NA,NA,NA
E401_281,NA,0.5668,NA,NA,NA
E22_336,NA,NA,0.67814,NA,NA
E518_75,0.1498,NA,NA,NA,NA
E232_46,NA,0.09109,NA,NA,NA
E771_230,NA,0.46356,NA,NA,NA
E944_60,NA,NA,NA,0.11943,NA
E829_3,0.00405,NA,NA,NA,NA
E398_282,NA,NA,0.56883,NA,NA
E336_400,0.80769,NA,NA,NA,NA
E929_117,NA,0.23482,NA,NA,NA
E562_466,0.9413,NA,NA,NA,NA
E70_1,0.0,NA,NA,NA,NA
E850_126,0.25304,NA,NA,NA,NA
E122_83,0.16599,NA,NA,NA,NA
E530_102,NA,NA,0.20445,NA,NA
E566_101,NA,NA,0.20243,NA,NA
E510_167,NA,NA,0.33603,NA,NA
E436_118,0.23684,NA,NA,NA,NA
E244_363,0.73279,NA,NA,NA,NA
E757_286,0.57692,NA,NA,NA,NA
E752_102,NA,0.20445,NA,NA,NA
E603_322,NA,NA,0.6498,NA,NA
E736_416,NA,NA,0.84008,NA,NA
E441_453,0.91498,NA,NA,NA,NA
E529_279,0.56275,NA,NA,NA,NA
E782_100,NA,NA,0.2004,NA,NA
E145_235,0.47368,NA,NA,NA,NA
E685_431,NA,NA,0.87045,NA,NA
E246_37,NA,NA,0.07287,NA,NA
E702_340,0.68623,NA,NA,NA,NA
E531_298,NA,NA,0.60121,NA,NA
E638_29,0.05668,NA,NA,NA,NA
E561_99,0.19838,NA,NA,NA,NA
E993_46,0.09109,NA,NA,NA,NA
E46_478,NA,0.96559,NA,NA,NA
E884_394,NA,NA,0.79555,NA,NA
E445_444,0.89676,NA,NA,NA,NA
E66_23,0.04453,NA,NA,NA,NA
E140_473,0.95547,NA,NA,NA,NA
E341_181,0.36437,NA,NA,NA,NA
E134_245,NA,NA,0.49393,NA,NA
E84_357,0.72065,NA,NA,NA,NA
E80_248,NA,0.5,NA,NA,NA
E958_481,NA,NA,0.97166,NA,NA
E916_6,NA,NA,0.01012,NA,NA
E168_415,NA,0.83806,NA,NA,NA
E535_9,NA,NA,0.01619,NA,NA
E557_67,NA,0.1336,NA,NA,NA
E550_133,0.26721,NA,NA,NA,NA
E318_363,NA,NA,0.73279,NA,NA
E629_349,0.70445,NA,NA,NA,NA
E201_105,NA,0.21053,NA,NA,NA
E32_41,NA,0.08097,NA,NA,NA
E856_461,NA,NA,0.93117,NA,NA
E576_248,NA,NA,0.5,NA,NA
E942_79,NA,0.15789,NA,NA,NA
E807_270,0.54453,NA,NA,NA,NA
E302_349,0.70445,NA,NA,NA,NA
E258_291,NA,NA,NA,NA,0.58704
E513_314,0.6336,NA,NA,NA,NA
E598_452,NA,NA,0.91296,NA,NA
E115_391,NA,NA,0.78947,NA,NA
E657_126,NA,NA,0.25304,NA,NA
E760_86,NA,NA,0.17206,NA,NA
E449_348,0.70243,NA,NA,NA,NA
E315_367,NA,0.74089,NA,NA,NA
E72_478,NA,NA,0.96559,NA,NA
E360_141,NA,0.2834,NA,NA,NA
E498_208,NA,0.41903,NA,NA,NA
E740_87,0.17409,NA,NA,NA,NA
E461_253,0.51012,NA,NA,NA,NA
E207_256,NA,0.51619,NA,NA,NA
E605_435,NA,0.87854,NA,NA,NA
E343_292,NA,0.58907,NA,NA,NA
E871_447,NA,NA,0.90283,NA,NA
E723_177,0.35628,NA,NA,NA,NA
E635_115,0.23077,NA,NA,NA,NA
E25_384,NA,0.7753,NA,NA,NA
E940_321,0.64777,NA,NA,NA,NA
E444_214,NA,NA,NA,0.43117,NA
E457_262,0.52834,NA,NA,NA,NA
E87_7,NA,NA,0.01215,NA,NA
E624_119,NA,0.23887,NA,NA,NA
E144_68,NA,0.13563,NA,NA,NA
E721_216,0.43522,NA,NA,NA,NA
E811_257,NA,NA,0.51822,NA,NA
E467_249,NA,0.50202,NA,NA,NA
E222_149,NA,NA,0.2996,NA,NA
E179_366,0.73887,NA,NA,NA,NA
E332_378,0.76316,NA,NA,NA,NA
E484_198,NA,NA,0.39879,NA,NA
E781_427,NA,NA,0.86235,NA,NA
E999_452,NA,0.91296,NA,NA,NA
E330_345,0.69636,NA,NA,NA,NA
E156_323,NA,0.65182,NA,NA,NA
E471_293,NA,0.59109,NA,NA,NA
E243_451,NA,0.91093,NA,NA,NA
E342_447,0.90283,NA,NA,NA,NA
E789_269,NA,NA,0.54251,NA,NA
E422_59,NA,NA,NA,0.11741,NA
E388_50,0.09919,NA,NA,NA,NA
E709_374,NA,NA,0.75506,NA,NA
E641_441,NA,0.89069,NA,NA,NA
E994_75,NA,NA,0.1498,NA,NA
E62_24,NA,NA,0.04656,NA,NA
E976_339,NA,NA,NA,0.68421,NA
E930_31,NA,NA,0.06073,NA,NA
E878_89,NA,NA,0.17814,NA,NA
E316_306,NA,0.61741,NA,NA,NA
E3_462,NA,0.9332,NA,NA,NA
E300_103,NA,NA,0.20648,NA,NA
E623_8,0.01417,NA,NA,NA,NA
E571_374,NA,NA,0.75506,NA,NA
E697_429,NA,NA,0.8664,NA,NA
E637_475,NA,0.95951,NA,NA,NA
E933_115,0.23077,NA,NA,NA,NA
E791_365,NA,NA,0.73684,NA,NA
E758_47,0.09312,NA,NA,NA,NA
E830_158,NA,NA,NA,NA,0.31781
E485_289,NA,NA,0.583,NA,NA
E469_235,0.47368,NA,NA,NA,NA
E803_174,0.3502,NA,NA,NA,NA
E192_121,NA,NA,0.24291,NA,NA
E150_387,NA,NA,0.78138,NA,NA
E79_53,NA,NA,0.10526,NA,NA
E417_154,0.30972,NA,NA,NA,NA
E256_260,0.52429,NA,NA,NA,NA
E832_102,NA,NA,0.20445,NA,NA
E725_383,0.77328,NA,NA,NA,NA
E612_409,NA,NA,NA,0.82591,NA
E676_68,NA,0.13563,NA,NA,NA
E645_404,NA,NA,NA,0.81579,NA
E453_282,NA,NA,0.56883,NA,NA
E838_480,NA,0.96964,NA,NA,NA
E532_490,0.98988,NA,NA,NA,NA
E475_11,NA,0.02024,NA,NA,NA
E915_258,0.52024,NA,NA,NA,NA
E479_30,0.0587,NA,NA,NA,NA
E383_409,NA,0.82591,NA,NA,NA
E28_296,NA,NA,NA,NA,0.59717
E373_475,NA,NA,0.95951,NA,NA
E135_479,NA,NA,0.96761,NA,NA
E217_446,NA,NA,NA,0.90081,NA
E335_493,NA,NA,0.99595,NA,NA
E107_234,NA,0.47166,NA,NA,NA
E375_259,NA,0.52227,NA,NA,NA
E873_236,NA,0.47571,NA,NA,NA
E737_101,NA,0.20243,NA,NA,NA
E305_121,NA,NA,0.24291,NA,NA
E899_214,NA,NA,0.43117,NA,NA
E768_137,NA,NA,0.2753,NA,NA
E897_318,0.6417,NA,NA,NA,NA
E363_203,0.40891,NA,NA,NA,NA
E905_75,NA,NA,0.1498,NA,NA
E551_256,NA,0.51619,NA,NA,NA
E308_336,NA,0.67814,NA,NA,NA
E30_86,NA,0.17206,NA,NA,NA
E178_419,0.84615,NA,NA,NA,NA
E966_225,NA,0.45344,NA,NA,NA
E468_227,NA,NA,NA,NA,0.45749
E161_270,0.54453,NA,NA,NA,NA
E523_87,NA,0.17409,NA,NA,NA
E249_13,0.02429,NA,NA,NA,NA
E313_285,NA,NA,NA,NA,0.5749
E162_12,NA,NA,0.02227,NA,NA
E392_339,NA,NA,0.68421,NA,NA
E438_479,NA,0.96761,NA,NA,NA
E883_454,0.917,NA,NA,NA,NA
E938_416,NA,0.84008,NA,NA,NA
E922_79,NA,NA,0.15789,NA,NA
E48_13,NA,0.02429,NA,NA,NA
E47_479,NA,NA,0.96761,NA,NA
E433_11,NA,0.02024,NA,NA,NA
E409_205,NA,NA,0.41296,NA,NA
E148_202,NA,NA,0.40688,NA,NA
E35_479,NA,0.96761,NA,NA,NA
E172_120,NA,NA,0.24089,NA,NA
E499_327,0.65992,NA,NA,NA,NA
E847_304,NA,0.61336,NA,NA,NA
E519_141,NA,NA,0.2834,NA,NA
E173_64,NA,NA,NA,0.12753,NA
E238_269,NA,NA,NA,0.54251,NA
E925_344,0.69433,NA,NA,NA,NA
E802_377,NA,0.76113,NA,NA,NA
E701_119,NA,NA,0.23887,NA,NA
E174_134,0.26923,NA,NA,NA,NA
E407_266,NA,0.53644,NA,NA,NA
E480_67,NA,0.1336,NA,NA,NA
E746_243,NA,0.48988,NA,NA,NA
E804_143,NA,NA,0.28745,NA,NA
E194_152,NA,0.30567,NA,NA,NA
E872_292,NA,0.58907,NA,NA,NA
E371_139,NA,NA,0.27935,NA,NA
E252_245,NA,NA,0.49393,NA,NA
E910_317,NA,NA,NA,0.63968,NA
E83_21,NA,NA,0.04049,NA,NA
E291_12,NA,NA,NA,NA,0.02227
E778_432,0.87247,NA,NA,NA,NA
E846_13,0.02429,NA,NA,NA,NA
E673_381,0.76923,NA,NA,NA,NA
E596_233,0.46964,NA,NA,NA,NA
E239_428,0.86437,NA,NA,NA,NA
E950_483,NA,NA,0.97571,NA,NA
E813_30,NA,0.0587,NA,NA,NA
E631_319,NA,0.64372,NA,NA,NA
E677_476,NA,NA,0.96154,NA,NA
E870_131,NA,NA,0.26316,NA,NA
E580_405,0.81781,NA,NA,NA,NA
E257_315,0.63563,NA,NA,NA,NA
E779_323,NA,NA,0.65182,NA,NA
E913_424,0.85628,NA,NA,NA,NA
E885_25,NA,0.04858,NA,NA,NA
E167_449,0.90688,NA,NA,NA,NA
E831_419,NA,NA,0.84615,NA,NA
E785_224,0.45142,NA,NA,NA,NA
E399_157,NA,NA,NA,0.31579,NA
E705_93,NA,NA,0.18623,NA,NA
E920_200,NA,0.40283,NA,NA,NA
E640_428,NA,NA,0.86437,NA,NA
E377_129,NA,0.25911,NA,NA,NA
E496_484,NA,NA,0.97773,NA,NA
E265_85,0.17004,NA,NA,NA,NA
E55_472,0.95344,NA,NA,NA,NA
E90_345,NA,NA,0.69636,NA,NA
E554_248,NA,NA,0.5,NA,NA
E109_69,NA,NA,0.13765,NA,NA
E385_26,0.05061,NA,NA,NA,NA
E525_212,NA,0.42713,NA,NA,NA
E82_144,NA,NA,0.28947,NA,NA
E442_393,NA,NA,0.79352,NA,NA
E511_28,0.05466,NA,NA,NA,NA
E270_405,NA,NA,0.81781,NA,NA
E358_68,NA,NA,0.13563,NA,NA
E351_71,NA,NA,0.1417,NA,NA
E555_112,NA,0.2247,NA,NA,NA
E85_4,NA,NA,0.00607,NA,NA
E120_32,0.06275,NA,NA,NA,NA
E447_147,0.29555,NA,NA,NA,NA
E139_375,0.75709,NA,NA,NA,NA
