,PseudoTime1,PseudoTime2,PseudoTime3,PseudoTime4,PseudoTime5
E36_121,0.24145,NA,NA,NA,NA
E990_402,0.80684,NA,NA,NA,NA
E127_485,NA,0.97384,NA,NA,NA
E270_96,NA,NA,0.19115,NA,NA
E724_269,0.53924,NA,NA,NA,NA
E540_357,NA,NA,0.7163,NA,NA
E70_264,0.52918,NA,NA,NA,NA
E827_113,0.22535,NA,NA,NA,NA
E394_130,NA,NA,0.25956,NA,NA
E887_68,NA,0.13481,NA,NA,NA
E485_169,NA,NA,0.33803,NA,NA
E276_323,0.64789,NA,NA,NA,NA
E128_378,NA,0.75855,NA,NA,NA
E142_350,0.70221,NA,NA,NA,NA
E382_402,0.80684,NA,NA,NA,NA
E677_153,NA,NA,0.30584,NA,NA
E898_322,0.64588,NA,NA,NA,NA
E686_366,0.73441,NA,NA,NA,NA
E495_94,0.18712,NA,NA,NA,NA
E114_200,0.4004,NA,NA,NA,NA
E187_157,NA,NA,NA,NA,0.31388
E99_124,NA,NA,0.24748,NA,NA
E301_311,NA,NA,NA,NA,0.62374
E647_30,NA,0.05835,NA,NA,NA
E601_347,NA,NA,0.69618,NA,NA
E858_164,NA,0.32797,NA,NA,NA
E453_261,NA,NA,0.52314,NA,NA
E667_253,0.50704,NA,NA,NA,NA
E784_336,0.67404,NA,NA,NA,NA
E628_27,NA,NA,0.05231,NA,NA
E918_303,NA,NA,0.60765,NA,NA
E79_222,NA,NA,0.44467,NA,NA
E740_299,0.5996,NA,NA,NA,NA
E117_266,NA,0.5332,NA,NA,NA
E1_197,NA,0.39437,NA,NA,NA
E811_491,NA,NA,0.98592,NA,NA
E928_75,NA,0.14889,NA,NA,NA
E23_384,NA,0.77062,NA,NA,NA
E930_256,NA,NA,0.51308,NA,NA
E646_107,NA,0.21328,NA,NA,NA
E444_175,NA,NA,NA,0.3501,NA
E527_154,0.30785,NA,NA,NA,NA
E91_69,0.13682,NA,NA,NA,NA
E602_452,NA,0.90744,NA,NA,NA
E879_425,NA,0.85312,NA,NA,NA
E580_287,0.57545,NA,NA,NA,NA
E252_101,NA,NA,0.20121,NA,NA
E497_374,NA,NA,0.7505,NA,NA
E459_234,NA,0.46881,NA,NA,NA
E93_2,0.00201,NA,NA,NA,NA
E676_179,NA,0.35815,NA,NA,NA
E172_297,NA,NA,0.59557,NA,NA
E130_21,0.04024,NA,NA,NA,NA
E798_425,NA,NA,0.85312,NA,NA
E794_332,0.666,NA,NA,NA,NA
E959_83,0.16499,NA,NA,NA,NA
E423_380,NA,NA,0.76258,NA,NA
E185_295,0.59155,NA,NA,NA,NA
E83_480,NA,NA,0.96378,NA,NA
E516_269,0.53924,NA,NA,NA,NA
E808_479,NA,0.96177,NA,NA,NA
E861_55,NA,NA,NA,NA,0.10865
E895_366,0.73441,NA,NA,NA,NA
E754_226,NA,0.45272,NA,NA,NA
E636_377,0.75654,NA,NA,NA,NA
E308_168,NA,0.33602,NA,NA,NA
E363_248,0.49698,NA,NA,NA,NA
E401_77,NA,0.15292,NA,NA,NA
E984_71,NA,NA,NA,NA,0.14085
E15_245,0.49095,NA,NA,NA,NA
E132_76,0.15091,NA,NA,NA,NA
E880_343,NA,0.68813,NA,NA,NA
E450_357,0.7163,NA,NA,NA,NA
E824_495,NA,0.99396,NA,NA,NA
E922_475,NA,NA,0.95372,NA,NA
E694_493,NA,0.98994,NA,NA,NA
E785_336,0.67404,NA,NA,NA,NA
E383_472,NA,0.94769,NA,NA,NA
E927_200,NA,NA,0.4004,NA,NA
E0_97,NA,NA,0.19316,NA,NA
E381_230,0.46076,NA,NA,NA,NA
E76_194,0.38833,NA,NA,NA,NA
E618_248,NA,NA,0.49698,NA,NA
E40_433,NA,0.86922,NA,NA,NA
E175_152,0.30382,NA,NA,NA,NA
E864_87,NA,NA,0.17304,NA,NA
E483_381,NA,0.76459,NA,NA,NA
E723_13,0.02414,NA,NA,NA,NA
E613_233,NA,NA,NA,NA,0.4668
E158_245,NA,NA,0.49095,NA,NA
E303_370,NA,0.74245,NA,NA,NA
E396_276,NA,0.55332,NA,NA,NA
E744_453,NA,NA,NA,NA,0.90946
E581_94,0.18712,NA,NA,NA,NA
E538_313,NA,NA,NA,0.62777,NA
E975_214,NA,NA,0.42857,NA,NA
E546_294,NA,0.58954,NA,NA,NA
E638_231,0.46278,NA,NA,NA,NA
E961_159,0.31791,NA,NA,NA,NA
E932_51,0.1006,NA,NA,NA,NA
E289_56,0.11066,NA,NA,NA,NA
E47_74,NA,NA,0.14688,NA,NA
E168_335,NA,0.67203,NA,NA,NA
E543_217,NA,0.43461,NA,NA,NA
E726_401,0.80483,NA,NA,NA,NA
E232_44,NA,0.08652,NA,NA,NA
E921_52,NA,NA,0.10262,NA,NA
E644_431,NA,0.86519,NA,NA,NA
E48_14,NA,0.02616,NA,NA,NA
E762_494,NA,0.99195,NA,NA,NA
E870_216,NA,NA,0.4326,NA,NA
E548_6,NA,NA,NA,0.01006,NA
E801_35,NA,0.06841,NA,NA,NA
E183_236,NA,NA,0.47284,NA,NA
E835_61,NA,NA,0.12072,NA,NA
E680_56,NA,NA,NA,NA,0.11066
E122_155,0.30986,NA,NA,NA,NA
E634_211,0.42254,NA,NA,NA,NA
E503_116,NA,NA,0.23139,NA,NA
E145_345,0.69215,NA,NA,NA,NA
E186_40,NA,0.07847,NA,NA,NA
E386_272,NA,0.54527,NA,NA,NA
E650_497,0.99799,NA,NA,NA,NA
E388_97,0.19316,NA,NA,NA,NA
E838_13,NA,0.02414,NA,NA,NA
E810_134,NA,0.26761,NA,NA,NA
E505_263,0.52716,NA,NA,NA,NA
E331_317,NA,NA,0.63581,NA,NA
E560_137,0.27364,NA,NA,NA,NA
E684_366,NA,NA,0.73441,NA,NA
E915_352,0.70624,NA,NA,NA,NA
E952_416,0.83501,NA,NA,NA,NA
E544_379,NA,NA,0.76056,NA,NA
E373_260,NA,NA,0.52113,NA,NA
E563_134,NA,NA,0.26761,NA,NA
E219_302,NA,NA,0.60563,NA,NA
E836_275,0.55131,NA,NA,NA,NA
E909_135,NA,NA,NA,0.26962,NA
E468_369,NA,NA,NA,NA,0.74044
E302_411,0.82495,NA,NA,NA,NA
E271_433,NA,NA,NA,0.86922,NA
E189_78,NA,NA,0.15493,NA,NA
E129_210,NA,NA,0.42052,NA,NA
E526_164,NA,NA,0.32797,NA,NA
E670_302,NA,NA,0.60563,NA,NA
E34_128,0.25553,NA,NA,NA,NA
E664_84,NA,NA,NA,0.167,NA
E716_204,NA,0.40845,NA,NA,NA
E834_235,NA,0.47082,NA,NA,NA
E800_70,0.13883,NA,NA,NA,NA
E323_19,0.03622,NA,NA,NA,NA
E662_439,0.88129,NA,NA,NA,NA
E788_389,NA,0.78068,NA,NA,NA
E771_280,NA,0.56137,NA,NA,NA
E288_315,NA,NA,0.63179,NA,NA
E956_41,NA,0.08048,NA,NA,NA
E440_353,0.70825,NA,NA,NA,NA
E532_363,0.72837,NA,NA,NA,NA
E701_419,NA,NA,0.84105,NA,NA
E327_347,NA,NA,NA,NA,0.69618
E223_179,NA,0.35815,NA,NA,NA
E103_318,0.63783,NA,NA,NA,NA
E192_300,NA,NA,0.60161,NA,NA
E147_413,0.82897,NA,NA,NA,NA
E361_394,NA,NA,0.79074,NA,NA
E419_80,NA,NA,0.15895,NA,NA
E869_146,NA,NA,0.29175,NA,NA
E458_27,NA,NA,0.05231,NA,NA
E154_275,NA,NA,0.55131,NA,NA
E488_385,NA,NA,0.77264,NA,NA
E749_329,NA,NA,0.65996,NA,NA
E173_34,NA,NA,NA,0.0664,NA
E747_390,NA,0.7827,NA,NA,NA
E789_37,NA,NA,0.07243,NA,NA
E221_123,0.24547,NA,NA,NA,NA
E370_496,0.99598,NA,NA,NA,NA
E262_206,NA,0.41247,NA,NA,NA
E201_17,NA,0.03219,NA,NA,NA
E426_171,NA,NA,0.34205,NA,NA
E761_191,NA,0.38229,NA,NA,NA
E923_409,NA,NA,NA,NA,0.82093
E659_119,0.23742,NA,NA,NA,NA
E429_309,0.61972,NA,NA,NA,NA
E358_158,NA,NA,0.3159,NA,NA
E61_474,NA,NA,0.95171,NA,NA
E525_187,NA,0.37425,NA,NA,NA
E492_407,NA,0.8169,NA,NA,NA
E242_211,NA,NA,0.42254,NA,NA
E85_337,NA,NA,0.67606,NA,NA
E866_99,0.19718,NA,NA,NA,NA
E865_323,NA,NA,0.64789,NA,NA
E803_197,0.39437,NA,NA,NA,NA
E35_279,NA,0.55936,NA,NA,NA
E367_296,NA,NA,0.59356,NA,NA
E690_42,NA,NA,NA,0.08249,NA
E605_320,NA,0.64185,NA,NA,NA
E316_253,NA,0.50704,NA,NA,NA
E687_32,0.06237,NA,NA,NA,NA
E107_261,NA,0.52314,NA,NA,NA
E949_199,NA,0.39839,NA,NA,NA
E447_79,0.15694,NA,NA,NA,NA
E617_453,NA,NA,NA,NA,0.90946
E504_126,0.25151,NA,NA,NA,NA
E567_260,0.52113,NA,NA,NA,NA
E104_21,NA,0.04024,NA,NA,NA
E620_234,0.46881,NA,NA,NA,NA
E45_68,NA,0.13481,NA,NA,NA
E779_150,NA,NA,0.2998,NA,NA
E722_118,NA,NA,NA,NA,0.23541
E985_156,NA,NA,0.31187,NA,NA
E166_444,0.89135,NA,NA,NA,NA
E372_10,NA,0.01811,NA,NA,NA
E421_409,NA,NA,0.82093,NA,NA
E60_308,NA,0.61771,NA,NA,NA
E239_115,0.22938,NA,NA,NA,NA
E792_285,NA,NA,NA,0.57143,NA
E209_486,NA,NA,NA,NA,0.97586
E841_123,NA,0.24547,NA,NA,NA
E477_6,NA,NA,0.01006,NA,NA
E306_101,NA,0.20121,NA,NA,NA
E300_187,NA,NA,0.37425,NA,NA
E234_287,NA,NA,NA,0.57545,NA
E454_157,0.31388,NA,NA,NA,NA
E738_84,0.167,NA,NA,NA,NA
E461_436,0.87525,NA,NA,NA,NA
E682_248,0.49698,NA,NA,NA,NA
E606_204,NA,NA,NA,0.40845,NA
E763_208,0.4165,NA,NA,NA,NA
E295_175,NA,NA,0.3501,NA,NA
E584_403,NA,NA,0.80885,NA,NA
E569_174,NA,NA,NA,0.34809,NA
E573_317,NA,NA,0.63581,NA,NA
E57_99,NA,NA,0.19718,NA,NA
E614_484,0.97183,NA,NA,NA,NA
E463_437,NA,NA,0.87726,NA,NA
E600_409,NA,0.82093,NA,NA,NA
E197_5,NA,NA,0.00805,NA,NA
E825_79,NA,0.15694,NA,NA,NA
E709_50,NA,NA,0.09859,NA,NA
E207_116,NA,0.23139,NA,NA,NA
E387_163,0.32596,NA,NA,NA,NA
E263_198,0.39638,NA,NA,NA,NA
E321_336,0.67404,NA,NA,NA,NA
E624_142,NA,0.2837,NA,NA,NA
E757_313,0.62777,NA,NA,NA,NA
E11_81,0.16097,NA,NA,NA,NA
E619_22,NA,NA,0.04225,NA,NA
E790_210,NA,0.42052,NA,NA,NA
E900_150,NA,NA,0.2998,NA,NA
E329_72,NA,0.14286,NA,NA,NA
E730_293,NA,NA,0.58753,NA,NA
E178_305,0.61167,NA,NA,NA,NA
E678_438,0.87928,NA,NA,NA,NA
E935_143,NA,NA,0.28571,NA,NA
E780_144,NA,0.28773,NA,NA,NA
E206_443,0.88934,NA,NA,NA,NA
E873_372,NA,0.74648,NA,NA,NA
E493_227,NA,0.45473,NA,NA,NA
E408_102,NA,NA,0.20322,NA,NA
E974_164,NA,0.32797,NA,NA,NA
E31_81,0.16097,NA,NA,NA,NA
E230_414,NA,NA,0.83099,NA,NA
E389_446,NA,NA,0.89537,NA,NA
E550_145,0.28974,NA,NA,NA,NA
E237_27,NA,NA,0.05231,NA,NA
E536_404,NA,0.81087,NA,NA,NA
E241_1,NA,0.0,NA,NA,NA
E890_237,0.47485,NA,NA,NA,NA
E855_253,NA,0.50704,NA,NA,NA
E632_478,0.95976,NA,NA,NA,NA
E171_93,0.18511,NA,NA,NA,NA
E699_173,0.34608,NA,NA,NA,NA
E474_437,0.87726,NA,NA,NA,NA
E640_486,NA,NA,0.97586,NA,NA
E244_212,0.42455,NA,NA,NA,NA
E813_100,NA,0.1992,NA,NA,NA
E691_187,NA,NA,0.37425,NA,NA
E987_415,NA,0.833,NA,NA,NA
E342_20,0.03823,NA,NA,NA,NA
E660_418,NA,NA,0.83903,NA,NA
E604_166,NA,NA,0.33199,NA,NA
E452_1,0.0,NA,NA,NA,NA
E518_154,0.30785,NA,NA,NA,NA
E135_248,NA,NA,0.49698,NA,NA
E58_290,0.58149,NA,NA,NA,NA
E436_482,0.96781,NA,NA,NA,NA
E37_103,NA,0.20523,NA,NA,NA
E621_252,0.50503,NA,NA,NA,NA
E696_263,NA,0.52716,NA,NA,NA
E205_377,0.75654,NA,NA,NA,NA
E108_412,NA,NA,NA,NA,0.82696
E972_400,NA,NA,NA,NA,0.80282
E194_322,NA,0.64588,NA,NA,NA
E537_153,NA,NA,0.30584,NA,NA
E590_60,NA,NA,0.11871,NA,NA
E611_12,0.02213,NA,NA,NA,NA
E139_480,0.96378,NA,NA,NA,NA
E965_234,NA,NA,0.46881,NA,NA
E755_494,NA,0.99195,NA,NA,NA
E68_41,NA,NA,0.08048,NA,NA
E124_115,0.22938,NA,NA,NA,NA
E309_456,NA,0.91549,NA,NA,NA
E910_294,NA,NA,NA,0.58954,NA
E137_114,NA,NA,NA,NA,0.22736
E193_369,NA,NA,0.74044,NA,NA
E365_114,NA,NA,0.22736,NA,NA
E491_46,NA,NA,0.09054,NA,NA
E374_220,0.44064,NA,NA,NA,NA
E718_404,0.81087,NA,NA,NA,NA
E165_421,NA,0.84507,NA,NA,NA
E748_235,NA,0.47082,NA,NA,NA
E430_372,NA,NA,0.74648,NA,NA
E992_456,NA,0.91549,NA,NA,NA
E943_200,0.4004,NA,NA,NA,NA
E248_141,NA,NA,0.28169,NA,NA
E931_373,NA,0.74849,NA,NA,NA
E296_419,NA,0.84105,NA,NA,NA
E777_435,NA,NA,0.87324,NA,NA
E344_278,0.55734,NA,NA,NA,NA
E220_101,0.20121,NA,NA,NA,NA
E6_184,0.36821,NA,NA,NA,NA
E758_323,0.64789,NA,NA,NA,NA
E253_347,NA,NA,NA,0.69618,NA
E490_291,0.5835,NA,NA,NA,NA
E56_487,NA,NA,NA,0.97787,NA
E839_364,0.73038,NA,NA,NA,NA
E63_381,NA,0.76459,NA,NA,NA
E216_276,0.55332,NA,NA,NA,NA
E86_86,NA,0.17103,NA,NA,NA
E966_292,NA,0.58551,NA,NA,NA
E441_82,0.16298,NA,NA,NA,NA
E739_319,NA,NA,0.63984,NA,NA
E969_209,NA,0.41851,NA,NA,NA
E351_76,NA,NA,0.15091,NA,NA
E702_223,0.44668,NA,NA,NA,NA
E268_331,0.66398,NA,NA,NA,NA
E725_350,0.70221,NA,NA,NA,NA
E917_124,NA,0.24748,NA,NA,NA
E106_220,NA,NA,0.44064,NA,NA
E311_292,0.58551,NA,NA,NA,NA
E787_79,NA,NA,0.15694,NA,NA
E760_195,NA,NA,0.39034,NA,NA
E32_171,NA,0.34205,NA,NA,NA
E648_294,NA,0.58954,NA,NA,NA
E820_17,0.03219,NA,NA,NA,NA
E431_351,0.70423,NA,NA,NA,NA
E999_436,NA,0.87525,NA,NA,NA
E391_63,NA,NA,0.12475,NA,NA
E854_136,NA,NA,0.27163,NA,NA
E482_296,NA,NA,0.59356,NA,NA
E66_234,0.46881,NA,NA,NA,NA
E501_283,NA,NA,NA,0.5674,NA
E599_254,NA,NA,0.50905,NA,NA
E971_395,NA,0.79276,NA,NA,NA
E661_251,NA,0.50302,NA,NA,NA
E552_338,NA,NA,NA,0.67807,NA
E176_498,1.0,NA,NA,NA,NA
E653_220,0.44064,NA,NA,NA,NA
E159_324,NA,NA,0.6499,NA,NA
E123_359,NA,0.72032,NA,NA,NA
E359_199,NA,0.39839,NA,NA,NA
E981_50,NA,NA,0.09859,NA,NA
E528_340,0.68209,NA,NA,NA,NA
E736_32,NA,NA,0.06237,NA,NA
E24_197,NA,NA,0.39437,NA,NA
E180_496,0.99598,NA,NA,NA,NA
E217_497,NA,NA,NA,0.99799,NA
E481_473,NA,NA,0.9497,NA,NA
E610_2,NA,NA,NA,NA,0.00201
E645_75,NA,NA,NA,0.14889,NA
E224_488,NA,NA,0.97988,NA,NA
E51_402,NA,NA,0.80684,NA,NA
E681_138,NA,0.27565,NA,NA,NA
E557_396,NA,0.79477,NA,NA,NA
E954_269,NA,0.53924,NA,NA,NA
E708_393,0.78873,NA,NA,NA,NA
E369_407,NA,NA,0.8169,NA,NA
E92_218,NA,NA,0.43662,NA,NA
E422_160,NA,NA,NA,0.31992,NA
E885_183,NA,0.3662,NA,NA,NA
E719_154,0.30785,NA,NA,NA,NA
E345_173,NA,NA,0.34608,NA,NA
E472_330,0.66197,NA,NA,NA,NA
E113_481,0.96579,NA,NA,NA,NA
E596_432,0.8672,NA,NA,NA,NA
E52_48,0.09457,NA,NA,NA,NA
E558_109,NA,NA,NA,NA,0.2173
E283_180,NA,NA,0.36016,NA,NA
E947_328,NA,0.65795,NA,NA,NA
E772_10,0.01811,NA,NA,NA,NA
E643_439,NA,NA,NA,0.88129,NA
E49_144,NA,NA,0.28773,NA,NA
E282_269,NA,0.53924,NA,NA,NA
E465_140,NA,0.27968,NA,NA,NA
E480_202,NA,0.40443,NA,NA,NA
E4_97,NA,0.19316,NA,NA,NA
E424_226,NA,NA,0.45272,NA,NA
E564_384,NA,0.77062,NA,NA,NA
E844_482,NA,0.96781,NA,NA,NA
E941_126,NA,0.25151,NA,NA,NA
E3_292,NA,0.58551,NA,NA,NA
E568_108,0.21529,NA,NA,NA,NA
E397_386,NA,NA,NA,0.77465,NA
E766_464,0.93159,NA,NA,NA,NA
E805_212,NA,NA,NA,NA,0.42455
E995_451,NA,0.90543,NA,NA,NA
E511_320,0.64185,NA,NA,NA,NA
E964_292,NA,NA,0.58551,NA,NA
E174_52,0.10262,NA,NA,NA,NA
E786_69,NA,NA,0.13682,NA,NA
E75_448,NA,NA,0.8994,NA,NA
E285_274,0.5493,NA,NA,NA,NA
E451_309,0.61972,NA,NA,NA,NA
E519_307,NA,NA,0.61569,NA,NA
E82_268,NA,NA,0.53722,NA,NA
E360_177,NA,0.35412,NA,NA,NA
E576_291,NA,NA,0.5835,NA,NA
E586_305,NA,NA,0.61167,NA,NA
E333_206,NA,0.41247,NA,NA,NA
E299_496,NA,NA,NA,NA,0.99598
E733_30,NA,NA,NA,0.05835,NA
E534_400,0.80282,NA,NA,NA,NA
E979_67,NA,NA,0.1328,NA,NA
E393_492,NA,0.98793,NA,NA,NA
E637_209,NA,0.41851,NA,NA,NA
E338_495,0.99396,NA,NA,NA,NA
E570_190,NA,NA,0.38028,NA,NA
E195_34,0.0664,NA,NA,NA,NA
E666_341,0.6841,NA,NA,NA,NA
E233_231,NA,NA,0.46278,NA,NA
E243_62,NA,0.12274,NA,NA,NA
E334_301,NA,NA,0.60362,NA,NA
E807_415,0.833,NA,NA,NA,NA
E434_53,NA,NA,NA,NA,0.10463
E105_101,NA,NA,0.20121,NA,NA
E21_195,NA,0.39034,NA,NA,NA
E752_134,NA,0.26761,NA,NA,NA
E963_200,NA,0.4004,NA,NA,NA
E473_40,NA,NA,0.07847,NA,NA
E960_378,NA,NA,0.75855,NA,NA
E958_198,NA,NA,0.39638,NA,NA
E929_12,NA,0.02213,NA,NA,NA
E7_144,NA,NA,0.28773,NA,NA
E615_30,NA,NA,NA,0.05835,NA
E204_186,NA,0.37223,NA,NA,NA
E404_400,NA,NA,0.80282,NA,NA
E318_445,NA,NA,0.89336,NA,NA
E848_385,NA,NA,0.77264,NA,NA
E352_458,0.91952,NA,NA,NA,NA
E362_104,NA,NA,0.20724,NA,NA
E442_261,NA,NA,0.52314,NA,NA
E707_113,NA,NA,0.22535,NA,NA
E8_70,NA,NA,NA,0.13883,NA
E578_117,NA,0.2334,NA,NA,NA
E357_277,0.55533,NA,NA,NA,NA
E170_448,NA,0.8994,NA,NA,NA
E284_208,NA,NA,0.4165,NA,NA
E438_162,NA,0.32394,NA,NA,NA
E148_94,NA,NA,0.18712,NA,NA
E498_398,NA,0.79879,NA,NA,NA
E851_480,0.96378,NA,NA,NA,NA
E734_157,NA,NA,0.31388,NA,NA
E713_3,NA,NA,NA,NA,0.00402
E946_151,NA,NA,0.30181,NA,NA
E307_4,NA,NA,0.00604,NA,NA
E745_88,NA,NA,0.17505,NA,NA
E717_270,0.54125,NA,NA,NA,NA
E33_383,NA,NA,NA,0.76861,NA
E292_293,NA,NA,NA,NA,0.58753
E133_352,0.70624,NA,NA,NA,NA
E535_377,NA,NA,0.75654,NA,NA
E392_357,NA,NA,0.7163,NA,NA
E27_276,NA,NA,0.55332,NA,NA
E349_41,NA,NA,0.08048,NA,NA
E14_466,0.93561,NA,NA,NA,NA
E30_428,NA,0.85915,NA,NA,NA
E80_14,NA,0.02616,NA,NA,NA
E572_64,NA,0.12676,NA,NA,NA
E948_176,NA,NA,0.35211,NA,NA
E840_312,NA,NA,0.62575,NA,NA
E654_81,0.16097,NA,NA,NA,NA
E884_98,NA,NA,0.19517,NA,NA
E509_341,NA,NA,NA,NA,0.6841
E155_11,NA,NA,0.02012,NA,NA
E410_494,0.99195,NA,NA,NA,NA
E683_490,NA,0.9839,NA,NA,NA
E973_382,NA,NA,0.7666,NA,NA
E385_63,0.12475,NA,NA,NA,NA
E896_353,0.70825,NA,NA,NA,NA
E735_485,NA,NA,0.97384,NA,NA
E328_312,NA,0.62575,NA,NA,NA
E533_29,0.05634,NA,NA,NA,NA
E339_81,NA,0.16097,NA,NA,NA
E872_194,NA,0.38833,NA,NA,NA
E997_77,0.15292,NA,NA,NA,NA
E775_39,NA,NA,0.07646,NA,NA
E144_442,NA,0.88732,NA,NA,NA
E609_131,0.26157,NA,NA,NA,NA
E751_170,NA,NA,0.34004,NA,NA
E512_472,NA,NA,0.94769,NA,NA
