,PseudoTime1,PseudoTime2,PseudoTime3,PseudoTime4,PseudoTime5
E17_178,NA,NA,0.35556,NA,NA
E376_13,0.02222,NA,NA,NA,NA
E359_186,NA,0.37172,NA,NA,NA
E746_305,NA,0.61212,NA,NA,NA
E860_482,0.9697,NA,NA,NA,NA
E691_460,NA,NA,0.92525,NA,NA
E521_321,NA,NA,0.64444,NA,NA
E688_169,NA,NA,NA,NA,0.33737
E952_155,0.30909,NA,NA,NA,NA
E676_337,NA,0.67677,NA,NA,NA
E957_7,NA,0.0101,NA,NA,NA
E623_136,0.27071,NA,NA,NA,NA
E639_91,NA,NA,0.1798,NA,NA
E939_254,NA,0.50909,NA,NA,NA
E723_373,0.74949,NA,NA,NA,NA
E202_407,0.81818,NA,NA,NA,NA
E447_61,0.11919,NA,NA,NA,NA
E571_27,NA,NA,0.05051,NA,NA
E384_366,0.73535,NA,NA,NA,NA
E747_314,NA,0.6303,NA,NA,NA
E902_405,NA,NA,NA,0.81414,NA
E877_311,NA,NA,0.62424,NA,NA
E502_131,NA,NA,NA,NA,0.26061
E283_182,NA,NA,0.36364,NA,NA
E814_398,0.8,NA,NA,NA,NA
E919_259,NA,NA,0.51919,NA,NA
E923_480,NA,NA,NA,NA,0.96566
E373_429,NA,NA,0.86263,NA,NA
E679_40,NA,0.07677,NA,NA,NA
E92_104,NA,NA,0.20606,NA,NA
E430_260,NA,NA,0.52121,NA,NA
E672_107,0.21212,NA,NA,NA,NA
E126_325,0.65253,NA,NA,NA,NA
E496_20,NA,NA,0.03636,NA,NA
E443_197,0.39394,NA,NA,NA,NA
E693_16,0.02828,NA,NA,NA,NA
E910_443,NA,NA,NA,0.89091,NA
E288_29,NA,NA,0.05455,NA,NA
E977_247,NA,NA,0.49495,NA,NA
E833_394,NA,NA,NA,0.79192,NA
E687_15,0.02626,NA,NA,NA,NA
E87_208,NA,NA,0.41616,NA,NA
E278_379,NA,NA,0.76162,NA,NA
E409_385,NA,NA,0.77374,NA,NA
E848_189,NA,NA,0.37778,NA,NA
E777_124,NA,NA,0.24646,NA,NA
E155_384,NA,NA,0.77172,NA,NA
E485_428,NA,NA,0.86061,NA,NA
E429_236,0.47273,NA,NA,NA,NA
E947_129,NA,0.25657,NA,NA,NA
E369_485,NA,NA,0.97576,NA,NA
E741_449,NA,NA,0.90303,NA,NA
E537_153,NA,NA,0.30505,NA,NA
E182_307,NA,0.61616,NA,NA,NA
E503_483,NA,NA,0.97172,NA,NA
E357_339,0.68081,NA,NA,NA,NA
E483_3,NA,0.00202,NA,NA,NA
E972_199,NA,NA,NA,NA,0.39798
E604_274,NA,NA,0.54949,NA,NA
E603_457,NA,NA,0.91919,NA,NA
E804_473,NA,NA,0.95152,NA,NA
E379_140,NA,NA,0.27879,NA,NA
E174_284,0.5697,NA,NA,NA,NA
E900_208,NA,NA,0.41616,NA,NA
E458_245,NA,NA,0.49091,NA,NA
E329_415,NA,0.83434,NA,NA,NA
E381_480,0.96566,NA,NA,NA,NA
E995_38,NA,0.07273,NA,NA,NA
E258_281,NA,NA,NA,NA,0.56364
E927_325,NA,NA,0.65253,NA,NA
E194_190,NA,0.3798,NA,NA,NA
E37_313,NA,0.62828,NA,NA,NA
E823_257,NA,0.51515,NA,NA,NA
E5_237,NA,0.47475,NA,NA,NA
E216_74,0.14545,NA,NA,NA,NA
E943_352,0.70707,NA,NA,NA,NA
E607_257,NA,0.51515,NA,NA,NA
E209_11,NA,NA,NA,NA,0.01818
E671_445,0.89495,NA,NA,NA,NA
E124_396,0.79596,NA,NA,NA,NA
E859_227,NA,0.45455,NA,NA,NA
E6_474,0.95354,NA,NA,NA,NA
E631_81,NA,0.1596,NA,NA,NA
E201_268,NA,0.53737,NA,NA,NA
E334_51,NA,NA,0.09899,NA,NA
E436_427,0.85859,NA,NA,NA,NA
E616_364,NA,0.73131,NA,NA,NA
E490_113,0.22424,NA,NA,NA,NA
E266_353,0.70909,NA,NA,NA,NA
E489_47,0.09091,NA,NA,NA,NA
E989_165,NA,NA,0.32929,NA,NA
E319_21,NA,0.03838,NA,NA,NA
E431_302,0.60606,NA,NA,NA,NA
E545_162,NA,NA,NA,0.32323,NA
E761_446,NA,0.89697,NA,NA,NA
E806_456,NA,0.91717,NA,NA,NA
E875_308,NA,0.61818,NA,NA,NA
E904_73,NA,0.14343,NA,NA,NA
E332_328,0.65859,NA,NA,NA,NA
E878_217,NA,NA,0.43434,NA,NA
E492_136,NA,0.27071,NA,NA,NA
E57_156,NA,NA,0.31111,NA,NA
E71_190,0.3798,NA,NA,NA,NA
E618_209,NA,NA,0.41818,NA,NA
E978_283,0.56768,NA,NA,NA,NA
E572_396,NA,0.79596,NA,NA,NA
E260_120,NA,0.23838,NA,NA,NA
E65_377,NA,NA,0.75758,NA,NA
E587_158,NA,0.31515,NA,NA,NA
E403_118,NA,NA,0.23434,NA,NA
E141_416,NA,NA,0.83636,NA,NA
E382_86,0.1697,NA,NA,NA,NA
E41_198,NA,0.39596,NA,NA,NA
E413_287,NA,NA,0.57576,NA,NA
E826_475,NA,0.95556,NA,NA,NA
E366_448,NA,NA,0.90101,NA,NA
E311_317,0.63636,NA,NA,NA,NA
E965_291,NA,NA,0.58384,NA,NA
E562_341,0.68485,NA,NA,NA,NA
E42_77,NA,0.15152,NA,NA,NA
E522_373,NA,0.74949,NA,NA,NA
E750_365,0.73333,NA,NA,NA,NA
E813_393,NA,0.7899,NA,NA,NA
E885_48,NA,0.09293,NA,NA,NA
E254_468,NA,0.94141,NA,NA,NA
E832_289,NA,NA,0.5798,NA,NA
E682_426,0.85657,NA,NA,NA,NA
E784_88,0.17374,NA,NA,NA,NA
E208_283,0.56768,NA,NA,NA,NA
E674_199,NA,NA,0.39798,NA,NA
E177_221,NA,0.44242,NA,NA,NA
E204_225,NA,0.45051,NA,NA,NA
E362_171,NA,NA,0.34141,NA,NA
E906_99,NA,0.19596,NA,NA,NA
E907_260,NA,0.52121,NA,NA,NA
E10_391,0.78586,NA,NA,NA,NA
E238_331,NA,NA,NA,0.66465,NA
E858_380,NA,0.76364,NA,NA,NA
E579_78,0.15354,NA,NA,NA,NA
E770_165,NA,NA,NA,NA,0.32929
E222_388,NA,NA,0.7798,NA,NA
E610_176,NA,NA,NA,NA,0.35152
E304_116,NA,NA,NA,0.2303,NA
E148_4,NA,NA,0.00404,NA,NA
E621_135,0.26869,NA,NA,NA,NA
E255_5,NA,NA,0.00606,NA,NA
E428_116,0.2303,NA,NA,NA,NA
E938_337,NA,0.67677,NA,NA,NA
E484_361,NA,NA,0.72525,NA,NA
E887_59,NA,0.11515,NA,NA,NA
E879_392,NA,0.78788,NA,NA,NA
E351_96,NA,NA,0.1899,NA,NA
E962_201,NA,NA,NA,0.40202,NA
E360_129,NA,0.25657,NA,NA,NA
E82_488,NA,NA,0.98182,NA,NA
E374_327,0.65657,NA,NA,NA,NA
E95_309,NA,NA,0.6202,NA,NA
E835_85,NA,NA,0.16768,NA,NA
E466_57,NA,NA,0.11111,NA,NA
E630_49,0.09495,NA,NA,NA,NA
E856_249,NA,NA,0.49899,NA,NA
E816_80,0.15758,NA,NA,NA,NA
E710_154,NA,NA,0.30707,NA,NA
E439_492,NA,NA,0.9899,NA,NA
E617_415,NA,NA,NA,NA,0.83434
E39_51,NA,NA,0.09899,NA,NA
E636_164,0.32727,NA,NA,NA,NA
E920_495,NA,0.99596,NA,NA,NA
E240_225,NA,NA,0.45051,NA,NA
E422_321,NA,NA,NA,0.64444,NA
E213_211,NA,NA,0.42222,NA,NA
E395_46,NA,NA,NA,NA,0.08889
E245_486,NA,NA,NA,NA,0.97778
E284_57,NA,NA,0.11111,NA,NA
E437_311,0.62424,NA,NA,NA,NA
E569_217,NA,NA,NA,0.43434,NA
E324_297,NA,NA,NA,0.59596,NA
E337_407,NA,0.81818,NA,NA,NA
E358_358,NA,NA,0.71919,NA,NA
E929_477,NA,0.9596,NA,NA,NA
E474_389,0.78182,NA,NA,NA,NA
E720_441,0.88687,NA,NA,NA,NA
E212_425,NA,NA,0.85455,NA,NA
E641_425,NA,0.85455,NA,NA,NA
E183_424,NA,NA,0.85253,NA,NA
E698_266,0.53333,NA,NA,NA,NA
E645_77,NA,NA,NA,0.15152,NA
E905_33,NA,NA,0.06263,NA,NA
E843_72,NA,NA,NA,0.14141,NA
E912_92,NA,0.18182,NA,NA,NA
E898_240,0.48081,NA,NA,NA,NA
E190_422,0.84848,NA,NA,NA,NA
E721_130,0.25859,NA,NA,NA,NA
E707_366,NA,NA,0.73535,NA,NA
E50_97,NA,NA,0.19192,NA,NA
E157_218,NA,0.43636,NA,NA,NA
E308_412,NA,0.82828,NA,NA,NA
E881_262,NA,0.52525,NA,NA,NA
E918_70,NA,NA,0.13737,NA,NA
E946_70,NA,NA,0.13737,NA,NA
E68_414,NA,NA,0.83232,NA,NA
E272_43,NA,NA,0.08283,NA,NA
E244_68,0.13333,NA,NA,NA,NA
E998_80,NA,NA,0.15758,NA,NA
E391_8,NA,NA,0.01212,NA,NA
E582_312,NA,NA,0.62626,NA,NA
E26_181,0.36162,NA,NA,NA,NA
E550_182,0.36364,NA,NA,NA,NA
E469_473,0.95152,NA,NA,NA,NA
E852_290,NA,NA,0.58182,NA,NA
E614_225,0.45051,NA,NA,NA,NA
E72_314,NA,NA,0.6303,NA,NA
E387_256,0.51313,NA,NA,NA,NA
E567_329,0.66061,NA,NA,NA,NA
E683_11,NA,0.01818,NA,NA,NA
E588_285,NA,NA,0.57172,NA,NA
E934_237,0.47475,NA,NA,NA,NA
E116_349,NA,NA,0.70101,NA,NA
E903_398,NA,0.8,NA,NA,NA
E980_57,0.11111,NA,NA,NA,NA
E96_441,NA,NA,0.88687,NA,NA
E478_472,NA,NA,0.94949,NA,NA
E257_382,0.76768,NA,NA,NA,NA
E524_284,NA,NA,NA,0.5697,NA
E153_191,NA,NA,0.38182,NA,NA
E703_188,0.37576,NA,NA,NA,NA
E745_191,NA,NA,0.38182,NA,NA
E456_75,0.14747,NA,NA,NA,NA
E264_252,NA,NA,0.50505,NA,NA
E589_478,0.96162,NA,NA,NA,NA
E893_13,0.02222,NA,NA,NA,NA
E882_348,0.69899,NA,NA,NA,NA
E323_335,0.67273,NA,NA,NA,NA
E507_15,0.02626,NA,NA,NA,NA
E221_403,0.8101,NA,NA,NA,NA
E846_322,0.64646,NA,NA,NA,NA
E534_430,0.86465,NA,NA,NA,NA
E416_324,NA,NA,0.65051,NA,NA
E147_10,0.01616,NA,NA,NA,NA
E169_384,0.77172,NA,NA,NA,NA
E78_295,NA,0.59192,NA,NA,NA
E863_234,NA,0.46869,NA,NA,NA
E13_70,0.13737,NA,NA,NA,NA
E838_52,NA,0.10101,NA,NA,NA
E992_479,NA,0.96364,NA,NA,NA
E293_298,NA,0.59798,NA,NA,NA
E286_490,NA,NA,0.98586,NA,NA
E788_177,NA,0.35354,NA,NA,NA
E420_153,0.30505,NA,NA,NA,NA
E872_79,NA,0.15556,NA,NA,NA
E779_328,NA,NA,0.65859,NA,NA
E462_12,NA,NA,0.0202,NA,NA
E815_216,NA,NA,0.43232,NA,NA
E498_153,NA,0.30505,NA,NA,NA
E310_475,0.95556,NA,NA,NA,NA
E60_427,NA,0.85859,NA,NA,NA
E467_81,NA,0.1596,NA,NA,NA
E922_401,NA,NA,0.80606,NA,NA
E290_322,NA,NA,0.64646,NA,NA
E32_101,NA,0.2,NA,NA,NA
E964_242,NA,NA,0.48485,NA,NA
E105_152,NA,NA,0.30303,NA,NA
E295_465,NA,NA,0.93535,NA,NA
E262_272,NA,0.54545,NA,NA,NA
E655_435,0.87475,NA,NA,NA,NA
E642_79,NA,NA,0.15556,NA,NA
E425_63,NA,0.12323,NA,NA,NA
E302_480,0.96566,NA,NA,NA,NA
E3_136,NA,0.27071,NA,NA,NA
E928_369,NA,0.74141,NA,NA,NA
E681_340,NA,0.68283,NA,NA,NA
E405_313,NA,0.62828,NA,NA,NA
E16_123,NA,0.24444,NA,NA,NA
E873_241,NA,0.48283,NA,NA,NA
E127_125,NA,0.24848,NA,NA,NA
E45_76,NA,0.14949,NA,NA,NA
E991_239,NA,NA,NA,NA,0.47879
E963_4,NA,0.00404,NA,NA,NA
E821_283,NA,NA,0.56768,NA,NA
E884_247,NA,NA,0.49495,NA,NA
E570_408,NA,NA,0.8202,NA,NA
E22_345,NA,NA,0.69293,NA,NA
E739_189,NA,NA,0.37778,NA,NA
E355_81,0.1596,NA,NA,NA,NA
E743_360,NA,NA,0.72323,NA,NA
E108_24,NA,NA,NA,NA,0.04444
E156_446,NA,0.89697,NA,NA,NA
E597_302,NA,NA,0.60606,NA,NA
E48_246,NA,0.49293,NA,NA,NA
E137_45,NA,NA,NA,NA,0.08687
E199_477,0.9596,NA,NA,NA,NA
E249_323,0.64848,NA,NA,NA,NA
E530_97,NA,NA,0.19192,NA,NA
E561_181,0.36162,NA,NA,NA,NA
E172_354,NA,NA,0.71111,NA,NA
E822_197,NA,NA,0.39394,NA,NA
E343_423,NA,0.85051,NA,NA,NA
E854_227,NA,NA,0.45455,NA,NA
E997_442,0.88889,NA,NA,NA,NA
E140_304,0.6101,NA,NA,NA,NA
E794_472,0.94949,NA,NA,NA,NA
E807_206,0.41212,NA,NA,NA,NA
E173_370,NA,NA,NA,0.74343,NA
E143_454,NA,NA,0.91313,NA,NA
E51_280,NA,NA,0.56162,NA,NA
E526_211,NA,NA,0.42222,NA,NA
E256_418,0.8404,NA,NA,NA,NA
E265_418,0.8404,NA,NA,NA,NA
E320_456,NA,NA,NA,0.91717,NA
E759_270,0.54141,NA,NA,NA,NA
E380_140,0.27879,NA,NA,NA,NA
E97_30,NA,NA,0.05657,NA,NA
E702_242,0.48485,NA,NA,NA,NA
E517_222,NA,0.44444,NA,NA,NA
E460_394,NA,0.79192,NA,NA,NA
E677_280,NA,NA,0.56162,NA,NA
E986_64,NA,NA,0.12525,NA,NA
E385_33,0.06263,NA,NA,NA,NA
E735_470,NA,NA,0.94545,NA,NA
E468_397,NA,NA,NA,NA,0.79798
E789_264,NA,NA,0.52929,NA,NA
E650_11,0.01818,NA,NA,NA,NA
E533_62,0.12121,NA,NA,NA,NA
E714_297,NA,NA,NA,0.59596,NA
E118_441,NA,NA,0.88687,NA,NA
E809_311,NA,NA,0.62424,NA,NA
E748_419,NA,0.84242,NA,NA,NA
E361_396,NA,NA,0.79596,NA,NA
E803_393,0.7899,NA,NA,NA,NA
E59_295,NA,NA,0.59192,NA,NA
E797_165,NA,NA,0.32929,NA,NA
E54_332,0.66667,NA,NA,NA,NA
E704_153,NA,0.30505,NA,NA,NA
E563_438,NA,NA,0.88081,NA,NA
E476_106,NA,NA,0.2101,NA,NA
E66_457,0.91919,NA,NA,NA,NA
E658_2,NA,0.0,NA,NA,NA
E508_13,NA,NA,0.02222,NA,NA
E518_258,0.51717,NA,NA,NA,NA
E459_355,NA,0.71313,NA,NA,NA
E825_195,NA,0.3899,NA,NA,NA
E651_247,0.49495,NA,NA,NA,NA
E207_322,NA,0.64646,NA,NA,NA
E899_486,NA,NA,0.97778,NA,NA
E325_397,NA,NA,0.79798,NA,NA
E453_335,NA,NA,0.67273,NA,NA
E268_229,0.45859,NA,NA,NA,NA
E627_146,0.29091,NA,NA,NA,NA
E414_93,NA,0.18384,NA,NA,NA
E689_11,NA,0.01818,NA,NA,NA
E510_322,NA,NA,0.64646,NA,NA
E849_328,NA,0.65859,NA,NA,NA
E670_115,NA,NA,0.22828,NA,NA
E690_117,NA,NA,NA,0.23232,NA
E399_356,NA,NA,NA,0.71515,NA
E758_247,0.49495,NA,NA,NA,NA
E300_363,NA,NA,0.72929,NA,NA
E128_53,NA,0.10303,NA,NA,NA
E184_359,0.72121,NA,NA,NA,NA
E233_50,NA,NA,0.09697,NA,NA
E644_220,NA,0.4404,NA,NA,NA
E38_418,NA,NA,0.8404,NA,NA
E936_87,NA,0.17172,NA,NA,NA
E223_466,NA,0.93737,NA,NA,NA
E678_236,0.47273,NA,NA,NA,NA
E855_389,NA,0.78182,NA,NA,NA
E883_458,0.92121,NA,NA,NA,NA
E463_292,NA,NA,0.58586,NA,NA
E142_120,0.23838,NA,NA,NA,NA
E810_245,NA,0.49091,NA,NA,NA
E185_393,0.7899,NA,NA,NA,NA
E164_131,NA,NA,NA,NA,0.26061
E419_104,NA,NA,0.20606,NA,NA
E46_431,NA,0.86667,NA,NA,NA
E638_335,0.67273,NA,NA,NA,NA
E102_95,NA,NA,0.18788,NA,NA
E880_447,NA,0.89899,NA,NA,NA
E58_168,0.33535,NA,NA,NA,NA
E23_42,NA,0.08081,NA,NA,NA
E956_408,NA,0.8202,NA,NA,NA
E121_345,NA,NA,0.69293,NA,NA
E180_341,0.68485,NA,NA,NA,NA
E592_341,NA,0.68485,NA,NA,NA
E303_369,NA,0.74141,NA,NA,NA
E162_7,NA,NA,0.0101,NA,NA
E626_395,NA,0.79394,NA,NA,NA
E996_315,0.63232,NA,NA,NA,NA
E536_262,NA,0.52525,NA,NA,NA
E77_340,NA,NA,0.68283,NA,NA
E363_180,0.3596,NA,NA,NA,NA
E444_316,NA,NA,NA,0.63434,NA
E342_18,0.03232,NA,NA,NA,NA
E333_300,NA,0.60202,NA,NA,NA
E596_208,0.41616,NA,NA,NA,NA
E773_456,NA,NA,0.91717,NA,NA
E605_321,NA,0.64444,NA,NA,NA
E731_434,0.87273,NA,NA,NA,NA
E744_276,NA,NA,NA,NA,0.55354
E769_145,NA,0.28889,NA,NA,NA
E511_483,0.97172,NA,NA,NA,NA
E159_221,NA,NA,0.44242,NA,NA
E776_396,NA,0.79596,NA,NA,NA
E960_238,NA,NA,0.47677,NA,NA
E424_402,NA,NA,0.80808,NA,NA
E115_259,NA,NA,0.51919,NA,NA
E18_207,NA,0.41414,NA,NA,NA
E281_343,NA,0.68889,NA,NA,NA
E558_114,NA,NA,NA,NA,0.22626
E897_160,0.31919,NA,NA,NA,NA
E279_29,0.05455,NA,NA,NA,NA
E795_144,NA,NA,0.28687,NA,NA
E657_433,NA,NA,0.87071,NA,NA
E176_71,0.13939,NA,NA,NA,NA
E836_399,0.80202,NA,NA,NA,NA
E89_146,NA,NA,0.29091,NA,NA
E435_136,NA,0.27071,NA,NA,NA
E305_496,NA,NA,0.99798,NA,NA
E241_78,NA,0.15354,NA,NA,NA
E91_284,0.5697,NA,NA,NA,NA
E942_248,NA,0.49697,NA,NA,NA
E261_348,0.69899,NA,NA,NA,NA
E170_479,NA,0.96364,NA,NA,NA
E406_180,NA,NA,0.3596,NA,NA
E271_55,NA,NA,NA,0.10707,NA
E544_464,NA,NA,0.93333,NA,NA
E783_307,0.61616,NA,NA,NA,NA
E36_146,0.29091,NA,NA,NA,NA
E551_359,NA,0.72121,NA,NA,NA
E192_270,NA,NA,0.54141,NA,NA
E252_480,NA,NA,0.96566,NA,NA
E555_80,NA,0.15758,NA,NA,NA
E782_24,NA,NA,0.04444,NA,NA
E336_134,0.26667,NA,NA,NA,NA
E499_442,0.88889,NA,NA,NA,NA
E63_220,NA,0.4404,NA,NA,NA
E921_9,NA,NA,0.01414,NA,NA
E287_497,NA,1.0,NA,NA,NA
E145_118,0.23434,NA,NA,NA,NA
E210_165,NA,NA,0.32929,NA,NA
E539_259,NA,0.51919,NA,NA,NA
E40_42,NA,0.08081,NA,NA,NA
E392_425,NA,NA,0.85455,NA,NA
E842_196,NA,NA,0.39192,NA,NA
E766_63,0.12323,NA,NA,NA,NA
E987_253,NA,0.50707,NA,NA,NA
E90_175,NA,NA,0.34949,NA,NA
E473_33,NA,NA,0.06263,NA,NA
E500_155,0.30909,NA,NA,NA,NA
E94_184,0.36768,NA,NA,NA,NA
E538_387,NA,NA,NA,0.77778,NA
E656_28,0.05253,NA,NA,NA,NA
E668_39,NA,0.07475,NA,NA,NA
E309_117,NA,0.23232,NA,NA,NA
E802_145,NA,0.28889,NA,NA,NA
E622_65,NA,0.12727,NA,NA,NA
E219_286,NA,NA,0.57374,NA,NA
E227_75,0.14747,NA,NA,NA,NA
E911_390,NA,NA,0.78384,NA,NA
E757_368,0.73939,NA,NA,NA,NA
E312_432,0.86869,NA,NA,NA,NA
E135_476,NA,NA,0.95758,NA,NA
E11_413,0.8303,NA,NA,NA,NA
E228_294,NA,NA,0.5899,NA,NA
E764_177,NA,NA,0.35354,NA,NA
E470_63,0.12323,NA,NA,NA,NA
E578_329,NA,0.66061,NA,NA,NA
E479_180,0.3596,NA,NA,NA,NA
E418_122,NA,0.24242,NA,NA,NA
E666_252,0.50505,NA,NA,NA,NA
E908_169,0.33737,NA,NA,NA,NA
E455_328,NA,NA,0.65859,NA,NA
E619_47,NA,NA,0.09091,NA,NA
E33_40,NA,NA,NA,0.07677,NA
E680_40,NA,NA,NA,NA,0.07677
E20_163,0.32525,NA,NA,NA,NA
E949_139,NA,0.27677,NA,NA,NA
E171_95,0.18788,NA,NA,NA,NA
E179_175,0.34949,NA,NA,NA,NA
E74_241,NA,NA,0.48283,NA,NA
E350_453,NA,NA,0.91111,NA,NA
E197_220,NA,NA,0.4404,NA,NA
E760_174,NA,NA,0.34747,NA,NA
E725_78,0.15354,NA,NA,NA,NA
E461_39,0.07475,NA,NA,NA,NA
E945_387,NA,0.77778,NA,NA,NA
E465_415,NA,0.83434,NA,NA,NA
E112_345,NA,NA,0.69293,NA,NA
E805_459,NA,NA,NA,NA,0.92323
E914_22,0.0404,NA,NA,NA,NA
E103_35,0.06667,NA,NA,NA,NA
E915_380,0.76364,NA,NA,NA,NA
E438_282,NA,0.56566,NA,NA,NA
E839_253,0.50707,NA,NA,NA,NA
E586_342,NA,NA,0.68687,NA,NA
E948_143,NA,NA,0.28485,NA,NA
E4_259,NA,0.51919,NA,NA,NA
E93_208,0.41616,NA,NA,NA,NA
E327_23,NA,NA,NA,NA,0.04242
E367_424,NA,NA,0.85253,NA,NA
E726_307,0.61616,NA,NA,NA,NA
