,PseudoTime1,PseudoTime2,PseudoTime3,PseudoTime4,PseudoTime5
E489_188,0.37702,NA,NA,NA,NA
E29_127,NA,NA,0.25403,NA,NA
E611_233,0.46774,NA,NA,NA,NA
E867_165,0.33065,NA,NA,NA,NA
E3_347,NA,0.69758,NA,NA,NA
E637_195,NA,0.39113,NA,NA,NA
E491_10,NA,NA,0.01815,NA,NA
E583_36,NA,NA,0.07056,NA,NA
E667_166,0.33266,NA,NA,NA,NA
E771_227,NA,0.45565,NA,NA,NA
E814_149,0.29839,NA,NA,NA,NA
E12_314,NA,NA,0.63105,NA,NA
E88_370,NA,NA,NA,NA,0.74395
E866_211,0.42339,NA,NA,NA,NA
E997_64,0.12702,NA,NA,NA,NA
E43_249,NA,NA,0.5,NA,NA
E754_209,NA,0.41935,NA,NA,NA
E458_375,NA,NA,0.75403,NA,NA
E237_138,NA,NA,0.27621,NA,NA
E317_124,0.24798,NA,NA,NA,NA
E169_320,0.64315,NA,NA,NA,NA
E75_179,NA,NA,0.35887,NA,NA
E729_73,NA,0.14516,NA,NA,NA
E51_386,NA,NA,0.77621,NA,NA
E109_140,NA,NA,0.28024,NA,NA
E931_74,NA,0.14718,NA,NA,NA
E947_81,NA,0.16129,NA,NA,NA
E683_414,NA,0.83266,NA,NA,NA
E419_115,NA,NA,0.22984,NA,NA
E885_39,NA,0.07661,NA,NA,NA
E862_161,0.32258,NA,NA,NA,NA
E800_426,0.85685,NA,NA,NA,NA
E26_194,0.38911,NA,NA,NA,NA
E278_91,NA,NA,0.18145,NA,NA
E156_268,NA,0.53831,NA,NA,NA
E804_33,NA,NA,0.06452,NA,NA
E292_108,NA,NA,NA,NA,0.21573
E496_357,NA,NA,0.71774,NA,NA
E903_394,NA,0.79234,NA,NA,NA
E492_397,NA,0.79839,NA,NA,NA
E758_352,0.70766,NA,NA,NA,NA
E136_299,0.60081,NA,NA,NA,NA
E127_133,NA,0.26613,NA,NA,NA
E474_36,0.07056,NA,NA,NA,NA
E243_241,NA,0.48387,NA,NA,NA
E981_306,NA,NA,0.61492,NA,NA
E616_451,NA,0.90726,NA,NA,NA
E533_416,0.83669,NA,NA,NA,NA
E761_99,NA,0.19758,NA,NA,NA
E280_249,0.5,NA,NA,NA,NA
E606_17,NA,NA,NA,0.03226,NA
E209_21,NA,NA,NA,NA,0.04032
E190_238,0.47782,NA,NA,NA,NA
E529_94,0.1875,NA,NA,NA,NA
E215_79,NA,NA,0.15726,NA,NA
E924_109,NA,0.21774,NA,NA,NA
E863_381,NA,0.76613,NA,NA,NA
E818_141,NA,0.28226,NA,NA,NA
E391_178,NA,NA,0.35685,NA,NA
E95_12,NA,NA,0.02218,NA,NA
E65_271,NA,NA,0.54435,NA,NA
E503_304,NA,NA,0.61089,NA,NA
E630_187,0.375,NA,NA,NA,NA
E40_405,NA,0.81452,NA,NA,NA
E378_131,0.2621,NA,NA,NA,NA
E36_243,0.4879,NA,NA,NA,NA
E801_181,NA,0.3629,NA,NA,NA
E455_242,NA,NA,0.48589,NA,NA
E374_129,0.25806,NA,NA,NA,NA
E512_198,NA,NA,0.39718,NA,NA
E110_486,0.97782,NA,NA,NA,NA
E46_189,NA,0.37903,NA,NA,NA
E652_112,NA,NA,0.22379,NA,NA
E454_463,0.93145,NA,NA,NA,NA
E604_149,NA,NA,0.29839,NA,NA
E633_364,NA,NA,0.73185,NA,NA
E985_152,NA,NA,0.30444,NA,NA
E749_7,NA,NA,0.0121,NA,NA
E267_281,0.56452,NA,NA,NA,NA
E716_343,NA,0.68952,NA,NA,NA
E84_337,0.67742,NA,NA,NA,NA
E57_481,NA,NA,0.96774,NA,NA
E626_216,NA,0.43347,NA,NA,NA
E802_148,NA,0.29637,NA,NA,NA
E120_206,0.41331,NA,NA,NA,NA
E549_368,NA,0.73992,NA,NA,NA
E77_406,NA,NA,0.81653,NA,NA
E452_247,0.49597,NA,NA,NA,NA
E171_149,0.29839,NA,NA,NA,NA
E636_234,0.46976,NA,NA,NA,NA
E333_36,NA,0.07056,NA,NA,NA
E870_327,NA,NA,0.65726,NA,NA
E390_82,NA,NA,0.16331,NA,NA
E676_348,NA,0.6996,NA,NA,NA
E271_457,NA,NA,NA,0.91935,NA
E195_348,0.6996,NA,NA,NA,NA
E531_85,NA,NA,0.16935,NA,NA
E596_426,0.85685,NA,NA,NA,NA
E441_426,0.85685,NA,NA,NA,NA
E539_367,NA,0.7379,NA,NA,NA
E965_463,NA,NA,0.93145,NA,NA
E826_155,NA,0.31048,NA,NA,NA
E54_80,0.15927,NA,NA,NA,NA
E987_270,NA,0.54234,NA,NA,NA
E52_319,0.64113,NA,NA,NA,NA
E913_337,0.67742,NA,NA,NA,NA
E860_356,0.71573,NA,NA,NA,NA
E357_457,0.91935,NA,NA,NA,NA
E925_112,0.22379,NA,NA,NA,NA
E383_416,NA,0.83669,NA,NA,NA
E846_192,0.38508,NA,NA,NA,NA
E199_41,0.08065,NA,NA,NA,NA
E365_198,NA,NA,0.39718,NA,NA
E644_162,NA,0.3246,NA,NA,NA
E599_115,NA,NA,0.22984,NA,NA
E650_162,0.3246,NA,NA,NA,NA
E592_430,NA,0.86492,NA,NA,NA
E288_411,NA,NA,0.82661,NA,NA
E945_105,NA,0.20968,NA,NA,NA
E34_61,0.12097,NA,NA,NA,NA
E563_376,NA,NA,0.75605,NA,NA
E968_371,0.74597,NA,NA,NA,NA
E726_311,0.625,NA,NA,NA,NA
E851_292,0.58669,NA,NA,NA,NA
E813_94,NA,0.1875,NA,NA,NA
E937_395,NA,NA,0.79435,NA,NA
E63_31,NA,0.06048,NA,NA,NA
E954_214,NA,0.42944,NA,NA,NA
E360_221,NA,0.44355,NA,NA,NA
E306_174,NA,0.34879,NA,NA,NA
E595_214,NA,NA,0.42944,NA,NA
E560_3,0.00403,NA,NA,NA,NA
E722_396,NA,NA,NA,NA,0.79637
E1_332,NA,0.66734,NA,NA,NA
E704_484,NA,0.97379,NA,NA,NA
E68_250,NA,NA,0.50202,NA,NA
E399_417,NA,NA,NA,0.83871,NA
E404_330,NA,NA,0.66331,NA,NA
E261_182,0.36492,NA,NA,NA,NA
E460_413,NA,0.83065,NA,NA,NA
E830_79,NA,NA,NA,NA,0.15726
E448_328,NA,0.65927,NA,NA,NA
E946_432,NA,NA,0.86895,NA,NA
E49_280,NA,NA,0.5625,NA,NA
E465_113,NA,0.22581,NA,NA,NA
E442_323,NA,NA,0.64919,NA,NA
E283_334,NA,NA,0.67137,NA,NA
E125_322,NA,0.64718,NA,NA,NA
E627_162,0.3246,NA,NA,NA,NA
E139_278,0.55847,NA,NA,NA,NA
E914_65,0.12903,NA,NA,NA,NA
E735_411,NA,NA,0.82661,NA,NA
E552_75,NA,NA,NA,0.14919,NA
E605_299,NA,0.60081,NA,NA,NA
E249_495,0.99597,NA,NA,NA,NA
E766_288,0.57863,NA,NA,NA,NA
E670_96,NA,NA,0.19153,NA,NA
E505_275,0.55242,NA,NA,NA,NA
E807_179,0.35887,NA,NA,NA,NA
E666_39,0.07661,NA,NA,NA,NA
E996_330,0.66331,NA,NA,NA,NA
E72_18,NA,NA,0.03427,NA,NA
E625_165,NA,0.33065,NA,NA,NA
E417_83,0.16532,NA,NA,NA,NA
E844_119,NA,0.2379,NA,NA,NA
E532_487,0.97984,NA,NA,NA,NA
E732_384,NA,0.77218,NA,NA,NA
E500_477,0.95968,NA,NA,NA,NA
E181_20,NA,NA,0.03831,NA,NA
E146_228,NA,NA,NA,0.45766,NA
E126_367,0.7379,NA,NA,NA,NA
E923_137,NA,NA,NA,NA,0.27419
E728_220,NA,NA,0.44153,NA,NA
E603_444,NA,NA,0.89315,NA,NA
E225_112,0.22379,NA,NA,NA,NA
E933_497,1.0,NA,NA,NA,NA
E487_111,0.22177,NA,NA,NA,NA
E553_72,NA,NA,0.14315,NA,NA
E349_107,NA,NA,0.21371,NA,NA
E290_279,NA,NA,0.56048,NA,NA
E144_425,NA,0.85484,NA,NA,NA
E285_111,0.22177,NA,NA,NA,NA
E476_255,NA,NA,0.5121,NA,NA
E466_115,NA,NA,0.22984,NA,NA
E116_134,NA,NA,0.26815,NA,NA
E651_299,0.60081,NA,NA,NA,NA
E507_26,0.0504,NA,NA,NA,NA
E998_121,NA,NA,0.24194,NA,NA
E660_222,NA,NA,0.44556,NA,NA
E302_330,0.66331,NA,NA,NA,NA
E695_34,NA,NA,0.06653,NA,NA
E410_412,0.82863,NA,NA,NA,NA
E259_365,NA,0.73387,NA,NA,NA
E739_481,NA,NA,0.96774,NA,NA
E822_134,NA,NA,0.26815,NA,NA
E859_98,NA,0.19556,NA,NA,NA
E177_18,NA,0.03427,NA,NA,NA
E273_148,NA,NA,0.29637,NA,NA
E593_452,NA,NA,NA,0.90927,NA
E395_342,NA,NA,NA,NA,0.6875
E69_267,NA,NA,NA,NA,0.53629
E281_136,NA,0.27218,NA,NA,NA
E406_175,NA,NA,0.35081,NA,NA
E170_130,NA,0.26008,NA,NA,NA
E825_132,NA,0.26411,NA,NA,NA
E669_182,NA,0.36492,NA,NA,NA
E494_134,0.26815,NA,NA,NA,NA
E763_194,0.38911,NA,NA,NA,NA
E421_229,NA,NA,0.45968,NA,NA
E150_85,NA,NA,0.16935,NA,NA
E641_375,NA,0.75403,NA,NA,NA
E856_485,NA,NA,0.97581,NA,NA
E182_470,NA,0.94556,NA,NA,NA
E432_95,0.18952,NA,NA,NA,NA
E675_49,NA,NA,0.09677,NA,NA
E590_282,NA,NA,0.56653,NA,NA
E688_178,NA,NA,NA,NA,0.35685
E723_24,0.04637,NA,NA,NA,NA
E392_94,NA,NA,0.1875,NA,NA
E456_334,0.67137,NA,NA,NA,NA
E337_388,NA,0.78024,NA,NA,NA
E742_378,NA,NA,NA,NA,0.76008
E736_398,NA,NA,0.8004,NA,NA
E145_495,0.99597,NA,NA,NA,NA
E396_146,NA,0.29234,NA,NA,NA
E809_323,NA,NA,0.64919,NA,NA
E246_185,NA,NA,0.37097,NA,NA
E200_416,NA,NA,0.83669,NA,NA
E521_217,NA,NA,0.43548,NA,NA
E584_271,NA,NA,0.54435,NA,NA
E755_492,NA,0.98992,NA,NA,NA
E121_9,NA,NA,0.01613,NA,NA
E163_45,NA,NA,0.08871,NA,NA
E720_130,0.26008,NA,NA,NA,NA
E50_452,NA,NA,0.90927,NA,NA
E838_266,NA,0.53427,NA,NA,NA
E684_81,NA,NA,0.16129,NA,NA
E930_304,NA,NA,0.61089,NA,NA
E905_157,NA,NA,0.31452,NA,NA
E483_474,NA,0.95363,NA,NA,NA
E62_353,NA,NA,0.70968,NA,NA
E640_440,NA,NA,0.88508,NA,NA
E91_6,0.01008,NA,NA,NA,NA
E413_447,NA,NA,0.89919,NA,NA
E700_290,0.58266,NA,NA,NA,NA
E664_191,NA,NA,NA,0.38306,NA
E447_377,0.75806,NA,NA,NA,NA
E42_119,NA,0.2379,NA,NA,NA
E855_113,NA,0.22581,NA,NA,NA
E828_38,NA,0.0746,NA,NA,NA
E218_406,NA,0.81653,NA,NA,NA
E70_231,0.46371,NA,NA,NA,NA
E901_404,0.8125,NA,NA,NA,NA
E330_404,0.8125,NA,NA,NA,NA
E193_407,NA,NA,0.81855,NA,NA
E81_280,NA,NA,0.5625,NA,NA
E471_160,NA,0.32056,NA,NA,NA
E776_401,NA,0.80645,NA,NA,NA
E346_347,NA,NA,0.69758,NA,NA
E100_393,0.79032,NA,NA,NA,NA
E402_57,0.1129,NA,NA,NA,NA
E713_90,NA,NA,NA,NA,0.17944
E167_450,0.90524,NA,NA,NA,NA
E812_368,0.73992,NA,NA,NA,NA
E753_459,0.92339,NA,NA,NA,NA
E834_449,NA,0.90323,NA,NA,NA
E643_264,NA,NA,NA,0.53024,NA
E76_7,0.0121,NA,NA,NA,NA
E208_47,0.09274,NA,NA,NA,NA
E206_139,0.27823,NA,NA,NA,NA
E20_232,0.46573,NA,NA,NA,NA
E445_1,0.0,NA,NA,NA,NA
E629_319,0.64113,NA,NA,NA,NA
E332_473,0.95161,NA,NA,NA,NA
E874_324,0.65121,NA,NA,NA,NA
E328_450,NA,0.90524,NA,NA,NA
E229_142,0.28427,NA,NA,NA,NA
E580_397,0.79839,NA,NA,NA,NA
E412_354,NA,NA,0.71169,NA,NA
E955_127,NA,NA,0.25403,NA,NA
E376_330,0.66331,NA,NA,NA,NA
E523_319,NA,0.64113,NA,NA,NA
E260_106,NA,0.21169,NA,NA,NA
E296_74,NA,0.14718,NA,NA,NA
E453_414,NA,NA,0.83266,NA,NA
E525_72,NA,0.14315,NA,NA,NA
E634_261,0.52419,NA,NA,NA,NA
E340_473,0.95161,NA,NA,NA,NA
E600_248,NA,0.49798,NA,NA,NA
E183_175,NA,NA,0.35081,NA,NA
E415_238,0.47782,NA,NA,NA,NA
E490_397,0.79839,NA,NA,NA,NA
E112_159,NA,NA,0.31855,NA,NA
E797_348,NA,NA,0.6996,NA,NA
E938_131,NA,0.2621,NA,NA,NA
E434_192,NA,NA,NA,NA,0.38508
E556_122,NA,0.24395,NA,NA,NA
E917_330,NA,0.66331,NA,NA,NA
E794_266,0.53427,NA,NA,NA,NA
E74_270,NA,NA,0.54234,NA,NA
E876_422,0.84879,NA,NA,NA,NA
E401_177,NA,0.35484,NA,NA,NA
E287_239,NA,0.47984,NA,NA,NA
E686_380,0.76411,NA,NA,NA,NA
E951_416,0.83669,NA,NA,NA,NA
E336_400,0.80444,NA,NA,NA,NA
E832_38,NA,NA,0.0746,NA,NA
E192_420,NA,NA,0.84476,NA,NA
E564_160,NA,0.32056,NA,NA,NA
E819_369,0.74194,NA,NA,NA,NA
E162_194,NA,NA,0.38911,NA,NA
E0_440,NA,NA,0.88508,NA,NA
E335_28,NA,NA,0.05444,NA,NA
E257_396,0.79637,NA,NA,NA,NA
E418_311,NA,0.625,NA,NA,NA
E212_180,NA,NA,0.36089,NA,NA
E459_408,NA,0.82056,NA,NA,NA
E520_354,NA,NA,0.71169,NA,NA
E922_249,NA,NA,0.5,NA,NA
E61_7,NA,NA,0.0121,NA,NA
E617_262,NA,NA,NA,NA,0.52621
E111_312,0.62702,NA,NA,NA,NA
E827_382,0.76815,NA,NA,NA,NA
E868_265,NA,NA,NA,0.53226,NA
E824_182,NA,0.36492,NA,NA,NA
E274_342,NA,0.6875,NA,NA,NA
E559_358,NA,NA,0.71976,NA,NA
E41_174,NA,0.34879,NA,NA,NA
E89_206,NA,NA,0.41331,NA,NA
E409_402,NA,NA,0.80847,NA,NA
E400_458,0.92137,NA,NA,NA,NA
E304_405,NA,NA,NA,0.81452,NA
E30_13,NA,0.02419,NA,NA,NA
E128_64,NA,0.12702,NA,NA,NA
E601_267,NA,NA,0.53629,NA,NA
E104_174,NA,0.34879,NA,NA,NA
E573_154,NA,NA,0.30847,NA,NA
E610_390,NA,NA,NA,NA,0.78427
E301_149,NA,NA,NA,NA,0.29839
E873_488,NA,0.98185,NA,NA,NA
E119_134,NA,NA,0.26815,NA,NA
E428_187,0.375,NA,NA,NA,NA
E980_94,0.1875,NA,NA,NA,NA
E114_240,0.48185,NA,NA,NA,NA
E187_214,NA,NA,NA,NA,0.42944
E233_10,NA,NA,0.01815,NA,NA
E141_487,NA,NA,0.97984,NA,NA
E820_134,0.26815,NA,NA,NA,NA
E17_401,NA,NA,0.80645,NA,NA
E478_495,NA,NA,0.99597,NA,NA
E160_369,NA,NA,0.74194,NA,NA
E377_307,NA,0.61694,NA,NA,NA
E355_309,0.62097,NA,NA,NA,NA
E884_57,NA,NA,0.1129,NA,NA
E783_242,0.48589,NA,NA,NA,NA
E155_210,NA,NA,0.42137,NA,NA
E962_163,NA,NA,NA,0.32661,NA
E258_153,NA,NA,NA,NA,0.30645
E941_7,NA,0.0121,NA,NA,NA
E558_111,NA,NA,NA,NA,0.22177
E891_70,NA,0.13911,NA,NA,NA
E443_283,0.56855,NA,NA,NA,NA
E427_13,0.02419,NA,NA,NA,NA
E567_321,0.64516,NA,NA,NA,NA
E757_286,0.5746,NA,NA,NA,NA
E472_86,0.17137,NA,NA,NA,NA
E865_256,NA,NA,0.51411,NA,NA
E85_91,NA,NA,0.18145,NA,NA
E921_416,NA,NA,0.83669,NA,NA
E509_340,NA,NA,NA,NA,0.68347
E207_157,NA,0.31452,NA,NA,NA
E161_367,0.7379,NA,NA,NA,NA
E671_72,0.14315,NA,NA,NA,NA
E467_476,NA,0.95766,NA,NA,NA
E576_192,NA,NA,0.38508,NA,NA
E307_71,NA,NA,0.14113,NA,NA
E255_45,NA,NA,0.08871,NA,NA
E645_440,NA,NA,NA,0.88508,NA
E382_254,0.51008,NA,NA,NA,NA
E734_234,NA,NA,0.46976,NA,NA
E298_311,NA,0.625,NA,NA,NA
E731_45,0.08871,NA,NA,NA,NA
E907_26,NA,0.0504,NA,NA,NA
E166_440,0.88508,NA,NA,NA,NA
E286_405,NA,NA,0.81452,NA,NA
E425_158,NA,0.31653,NA,NA,NA
E10_54,0.10685,NA,NA,NA,NA
E48_475,NA,0.95565,NA,NA,NA
E760_266,NA,NA,0.53427,NA,NA
E791_252,NA,NA,0.50605,NA,NA
E473_138,NA,NA,0.27621,NA,NA
E513_387,0.77823,NA,NA,NA,NA
E841_491,NA,0.9879,NA,NA,NA
E575_215,0.43145,NA,NA,NA,NA
E344_349,0.70161,NA,NA,NA,NA
E485_148,NA,NA,0.29637,NA,NA
E659_245,0.49194,NA,NA,NA,NA
E737_480,NA,0.96573,NA,NA,NA
E176_392,0.78831,NA,NA,NA,NA
E910_409,NA,NA,NA,0.82258,NA
E806_231,NA,0.46371,NA,NA,NA
E708_118,0.23589,NA,NA,NA,NA
E613_378,NA,NA,NA,NA,0.76008
E897_400,0.80444,NA,NA,NA,NA
E702_127,0.25403,NA,NA,NA,NA
E149_337,NA,0.67742,NA,NA,NA
E450_119,0.2379,NA,NA,NA,NA
E433_18,NA,0.03427,NA,NA,NA
E362_225,NA,NA,0.45161,NA,NA
E882_12,0.02218,NA,NA,NA,NA
E154_246,NA,NA,0.49395,NA,NA
E14_372,0.74798,NA,NA,NA,NA
E213_457,NA,NA,0.91935,NA,NA
E687_12,0.02218,NA,NA,NA,NA
E816_192,0.38508,NA,NA,NA,NA
E461_220,0.44153,NA,NA,NA,NA
E222_181,NA,NA,0.3629,NA,NA
E775_310,NA,NA,0.62298,NA,NA
E322_356,0.71573,NA,NA,NA,NA
E506_364,NA,NA,0.73185,NA,NA
E562_223,0.44758,NA,NA,NA,NA
E517_240,NA,0.48185,NA,NA,NA
E18_44,NA,0.08669,NA,NA,NA
E537_319,NA,NA,0.64113,NA,NA
E943_57,0.1129,NA,NA,NA,NA
E709_411,NA,NA,0.82661,NA,NA
E547_107,NA,NA,0.21371,NA,NA
E223_302,NA,0.60685,NA,NA,NA
E275_201,NA,0.40323,NA,NA,NA
E587_42,NA,0.08266,NA,NA,NA
E276_380,0.76411,NA,NA,NA,NA
E848_463,NA,NA,0.93145,NA,NA
E781_264,NA,NA,0.53024,NA,NA
E530_368,NA,NA,0.73992,NA,NA
E779_388,NA,NA,0.78024,NA,NA
E211_242,NA,NA,0.48589,NA,NA
E131_141,NA,NA,0.28226,NA,NA
E388_271,0.54435,NA,NA,NA,NA
E201_32,NA,0.0625,NA,NA,NA
E561_79,0.15726,NA,NA,NA,NA
E55_200,0.40121,NA,NA,NA,NA
E31_179,0.35887,NA,NA,NA,NA
E480_448,NA,0.90121,NA,NA,NA
E983_432,NA,0.86895,NA,NA,NA
E220_488,0.98185,NA,NA,NA,NA
E900_496,NA,NA,0.99798,NA,NA
E936_1,NA,0.0,NA,NA,NA
E988_385,NA,0.77419,NA,NA,NA
E191_347,NA,0.69758,NA,NA,NA
E619_433,NA,NA,0.87097,NA,NA
E622_160,NA,0.32056,NA,NA,NA
E656_90,0.17944,NA,NA,NA,NA
E571_459,NA,NA,0.92339,NA,NA
E356_455,NA,NA,0.91532,NA,NA
E310_56,0.11089,NA,NA,NA,NA
E620_410,0.8246,NA,NA,NA,NA
E172_58,NA,NA,0.11492,NA,NA
E958_117,NA,NA,0.23387,NA,NA
E618_93,NA,NA,0.18548,NA,NA
E363_311,0.625,NA,NA,NA,NA
E504_447,0.89919,NA,NA,NA,NA
E479_305,0.6129,NA,NA,NA,NA
E792_97,NA,NA,NA,0.19355,NA
E655_389,0.78226,NA,NA,NA,NA
E715_4,NA,NA,NA,0.00605,NA
E829_153,0.30645,NA,NA,NA,NA
E915_148,0.29637,NA,NA,NA,NA
E572_121,NA,0.24194,NA,NA,NA
E815_7,NA,NA,0.0121,NA,NA
E272_40,NA,NA,0.07863,NA,NA
E379_359,NA,NA,0.72177,NA,NA
E175_463,0.93145,NA,NA,NA,NA
E343_396,NA,0.79637,NA,NA,NA
E904_302,NA,0.60685,NA,NA,NA
E103_284,0.57056,NA,NA,NA,NA
E429_277,0.55645,NA,NA,NA,NA
E782_410,NA,NA,0.8246,NA,NA
E972_88,NA,NA,NA,NA,0.1754
E424_450,NA,NA,0.90524,NA,NA
E541_152,NA,NA,0.30444,NA,NA
E875_382,NA,0.76815,NA,NA,NA
E714_213,NA,NA,NA,0.42742,NA
E196_141,0.28226,NA,NA,NA,NA
E264_341,NA,NA,0.68548,NA,NA
E635_342,0.6875,NA,NA,NA,NA
E387_337,0.67742,NA,NA,NA,NA
E430_228,NA,NA,0.45766,NA,NA
E861_414,NA,NA,NA,NA,0.83266
E238_47,NA,NA,NA,0.09274,NA
E367_208,NA,NA,0.41734,NA,NA
E540_250,NA,NA,0.50202,NA,NA
E799_195,NA,0.39113,NA,NA,NA
E486_241,0.48387,NA,NA,NA,NA
E16_37,NA,0.07258,NA,NA,NA
E132_35,0.06855,NA,NA,NA,NA
E886_463,NA,0.93145,NA,NA,NA
E932_437,0.87903,NA,NA,NA,NA
E316_438,NA,0.88105,NA,NA,NA
E871_365,NA,NA,0.73387,NA,NA
E966_98,NA,0.19556,NA,NA,NA
